symbol,date,close_price,currency
CHN300,2020-12-31,4.2000,CNY
CHN300,2021-01-31,4.1260,CNY
CHN300,2021-02-28,4.6211,CNY
CHN300,2021-03-31,4.8472,CNY
CHN300,2021-04-30,4.9804,CNY
CHN300,2021-05-31,5.0540,CNY
CHN300,2021-06-30,4.6831,CNY
CHN300,2021-07-31,4.4256,CNY
CHN300,2021-08-31,4.3472,CNY
CHN300,2021-09-30,4.6329,CNY
CHN300,2021-10-31,5.0970,CNY
CHN300,2021-11-30,4.6417,CNY
CHN300,2021-12-31,4.3739,CNY
CHN300,2022-01-31,4.4271,CNY
CHN300,2022-02-28,3.9848,CNY
CHN300,2022-03-31,4.0456,CNY
CHN300,2022-04-30,4.0411,CNY
CHN300,2022-05-31,4.0701,CNY
CHN300,2022-06-30,4.1341,CNY
CHN300,2022-07-31,3.7932,CNY
CHN300,2022-08-31,3.8128,CNY
CHN300,2022-09-30,4.0561,CNY
CHN300,2022-10-31,3.8112,CNY
CHN300,2022-11-30,3.5546,CNY
CHN300,2022-12-31,3.7515,CNY
CHN300,2023-01-31,3.7228,CNY
CHN300,2023-02-28,4.0459,CNY
CHN300,2023-03-31,4.0468,CNY
CHN300,2023-04-30,4.2228,CNY
CHN300,2023-05-31,4.6752,CNY
CHN300,2023-06-30,4.6048,CNY
CHN300,2023-07-31,4.6444,CNY
CHN300,2023-08-31,4.8857,CNY
CHN300,2023-09-30,4.9310,CNY
CHN300,2023-10-31,5.3414,CNY
CHN300,2023-11-30,5.7952,CNY
CHN300,2023-12-31,5.4986,CNY
CHN300,2024-01-31,5.9022,CNY
CHN300,2024-02-29,5.9978,CNY
CHN300,2024-03-31,5.9023,CNY
CHN300,2024-04-30,6.1836,CNY
CHN300,2024-05-31,6.7567,CNY
CHN300,2024-06-30,7.0178,CNY
CHN300,2024-07-31,7.4604,CNY
CHN300,2024-08-31,6.7480,CNY
CHN300,2024-09-30,6.5393,CNY
CHN300,2024-10-31,6.2619,CNY
CHN300,2024-11-30,6.2238,CNY
CHN300,2024-12-31,6.1856,CNY
CHN300,2025-01-31,6.0445,CNY
CHN300,2025-02-28,6.7699,CNY
CHN300,2025-03-31,6.3876,CNY
CHN300,2025-04-30,6.8797,CNY
CHN300,2025-05-31,6.9129,CNY
CHN300,2025-06-30,7.3113,CNY
CHN300,2025-07-31,6.7152,CNY
CHN300,2025-08-31,6.8844,CNY
CHN300,2025-09-30,6.5279,CNY
CHN300,2025-10-31,7.1374,CNY
CHN300,2025-11-30,7.5327,CNY
CHN300,2025-12-31,6.9324,CNY
CHN500,2020-12-31,5.6000,CNY
CHN500,2021-01-31,5.6347,CNY
CHN500,2021-02-28,5.6995,CNY
CHN500,2021-03-31,5.6567,CNY
CHN500,2021-04-30,6.2083,CNY
CHN500,2021-05-31,6.9310,CNY
CHN500,2021-06-30,7.7627,CNY
CHN500,2021-07-31,8.2229,CNY
CHN500,2021-08-31,8.6174,CNY
CHN500,2021-09-30,7.7947,CNY
CHN500,2021-10-31,8.0462,CNY
CHN500,2021-11-30,7.8425,CNY
CHN500,2021-12-31,7.9487,CNY
CHN500,2022-01-31,8.7361,CNY
CHN500,2022-02-28,8.6596,CNY
CHN500,2022-03-31,7.8591,CNY
CHN500,2022-04-30,8.2490,CNY
CHN500,2022-05-31,8.4801,CNY
CHN500,2022-06-30,7.8187,CNY
CHN500,2022-07-31,8.7569,CNY
CHN500,2022-08-31,8.6565,CNY
CHN500,2022-09-30,9.4089,CNY
CHN500,2022-10-31,9.8081,CNY
CHN500,2022-11-30,10.1045,CNY
CHN500,2022-12-31,9.8148,CNY
CHN500,2023-01-31,10.9768,CNY
CHN500,2023-02-28,10.4737,CNY
CHN500,2023-03-31,10.4243,CNY
CHN500,2023-04-30,10.8934,CNY
CHN500,2023-05-31,10.5554,CNY
CHN500,2023-06-30,10.4588,CNY
CHN500,2023-07-31,9.9040,CNY
CHN500,2023-08-31,10.0482,CNY
CHN500,2023-09-30,10.0557,CNY
CHN500,2023-10-31,10.2141,CNY
CHN500,2023-11-30,10.9571,CNY
CHN500,2023-12-31,10.1127,CNY
CHN500,2024-01-31,8.8992,CNY
CHN500,2024-02-29,9.2418,CNY
CHN500,2024-03-31,9.3911,CNY
CHN500,2024-04-30,8.5448,CNY
CHN500,2024-05-31,8.6993,CNY
CHN500,2024-06-30,8.6004,CNY
CHN500,2024-07-31,8.1117,CNY
CHN500,2024-08-31,7.1383,CNY
CHN500,2024-09-30,7.7120,CNY
CHN500,2024-10-31,7.2803,CNY
CHN500,2024-11-30,7.3281,CNY
CHN500,2024-12-31,7.1843,CNY
CHN500,2025-01-31,7.9215,CNY
CHN500,2025-02-28,8.5735,CNY
CHN500,2025-03-31,8.4123,CNY
CHN500,2025-04-30,7.4028,CNY
CHN500,2025-05-31,6.7639,CNY
CHN500,2025-06-30,6.7064,CNY
CHN500,2025-07-31,6.4526,CNY
CHN500,2025-08-31,6.8180,CNY
CHN500,2025-09-30,6.2065,CNY
CHN500,2025-10-31,6.3638,CNY
CHN500,2025-11-30,6.7824,CNY
CHN500,2025-12-31,6.5753,CNY
CHN1000,2020-12-31,2.8500,CNY
CHN1000,2021-01-31,3.1007,CNY
CHN1000,2021-02-28,3.3174,CNY
CHN1000,2021-03-31,3.4556,CNY
CHN1000,2021-04-30,3.5029,CNY
CHN1000,2021-05-31,3.5552,CNY
CHN1000,2021-06-30,3.9818,CNY
CHN1000,2021-07-31,3.5558,CNY
CHN1000,2021-08-31,3.9472,CNY
CHN1000,2021-09-30,3.8085,CNY
CHN1000,2021-10-31,3.8701,CNY
CHN1000,2021-11-30,3.9555,CNY
CHN1000,2021-12-31,4.3631,CNY
CHN1000,2022-01-31,3.9006,CNY
CHN1000,2022-02-28,4.3127,CNY
CHN1000,2022-03-31,4.3688,CNY
CHN1000,2022-04-30,4.3565,CNY
CHN1000,2022-05-31,4.5395,CNY
CHN1000,2022-06-30,4.5057,CNY
CHN1000,2022-07-31,4.4995,CNY
CHN1000,2022-08-31,4.1438,CNY
CHN1000,2022-09-30,4.3170,CNY
CHN1000,2022-10-31,4.1626,CNY
CHN1000,2022-11-30,4.3071,CNY
CHN1000,2022-12-31,4.1903,CNY
CHN1000,2023-01-31,3.9913,CNY
CHN1000,2023-02-28,3.9195,CNY
CHN1000,2023-03-31,3.7371,CNY
CHN1000,2023-04-30,4.1855,CNY
CHN1000,2023-05-31,4.2719,CNY
CHN1000,2023-06-30,3.9011,CNY
CHN1000,2023-07-31,3.7155,CNY
CHN1000,2023-08-31,4.0300,CNY
CHN1000,2023-09-30,3.9353,CNY
CHN1000,2023-10-31,3.9338,CNY
CHN1000,2023-11-30,4.0006,CNY
CHN1000,2023-12-31,4.1061,CNY
CHN1000,2024-01-31,4.2929,CNY
CHN1000,2024-02-29,4.1528,CNY
CHN1000,2024-03-31,4.4655,CNY
CHN1000,2024-04-30,4.5081,CNY
CHN1000,2024-05-31,4.4368,CNY
CHN1000,2024-06-30,3.9044,CNY
CHN1000,2024-07-31,4.0411,CNY
CHN1000,2024-08-31,4.5261,CNY
CHN1000,2024-09-30,4.9832,CNY
CHN1000,2024-10-31,5.4975,CNY
CHN1000,2024-11-30,5.8830,CNY
CHN1000,2024-12-31,6.3485,CNY
CHN1000,2025-01-31,6.1135,CNY
CHN1000,2025-02-28,6.5231,CNY
CHN1000,2025-03-31,7.1076,CNY
CHN1000,2025-04-30,6.6182,CNY
CHN1000,2025-05-31,6.7938,CNY
CHN1000,2025-06-30,7.6091,CNY
CHN1000,2025-07-31,7.6010,CNY
CHN1000,2025-08-31,7.9967,CNY
CHN1000,2025-09-30,8.3344,CNY
CHN1000,2025-10-31,8.8146,CNY
CHN1000,2025-11-30,8.4194,CNY
CHN1000,2025-12-31,8.4911,CNY
SSE50,2020-12-31,3.7500,CNY
SSE50,2021-01-31,4.2000,CNY
SSE50,2021-02-28,4.1469,CNY
SSE50,2021-03-31,4.2624,CNY
SSE50,2021-04-30,4.5417,CNY
SSE50,2021-05-31,4.9402,CNY
SSE50,2021-06-30,4.7040,CNY
SSE50,2021-07-31,4.4303,CNY
SSE50,2021-08-31,4.7323,CNY
SSE50,2021-09-30,4.6499,CNY
SSE50,2021-10-31,4.7169,CNY
SSE50,2021-11-30,4.7812,CNY
SSE50,2021-12-31,4.6101,CNY
SSE50,2022-01-31,4.3221,CNY
SSE50,2022-02-28,4.3909,CNY
SSE50,2022-03-31,4.3522,CNY
SSE50,2022-04-30,4.2517,CNY
SSE50,2022-05-31,4.2503,CNY
SSE50,2022-06-30,3.9962,CNY
SSE50,2022-07-31,4.0665,CNY
SSE50,2022-08-31,4.4707,CNY
SSE50,2022-09-30,4.9927,CNY
SSE50,2022-10-31,4.7364,CNY
SSE50,2022-11-30,4.5629,CNY
SSE50,2022-12-31,4.3598,CNY
SSE50,2023-01-31,4.2097,CNY
SSE50,2023-02-28,3.9805,CNY
SSE50,2023-03-31,3.7369,CNY
SSE50,2023-04-30,3.9753,CNY
SSE50,2023-05-31,4.1605,CNY
SSE50,2023-06-30,4.3872,CNY
SSE50,2023-07-31,4.2157,CNY
SSE50,2023-08-31,4.2017,CNY
SSE50,2023-09-30,4.0896,CNY
SSE50,2023-10-31,3.5988,CNY
SSE50,2023-11-30,3.4813,CNY
SSE50,2023-12-31,3.7025,CNY
SSE50,2024-01-31,3.7615,CNY
SSE50,2024-02-29,3.8112,CNY
SSE50,2024-03-31,3.6528,CNY
SSE50,2024-04-30,3.9095,CNY
SSE50,2024-05-31,3.6459,CNY
SSE50,2024-06-30,3.4821,CNY
SSE50,2024-07-31,3.5908,CNY
SSE50,2024-08-31,3.5598,CNY
SSE50,2024-09-30,3.6367,CNY
SSE50,2024-10-31,3.9579,CNY
SSE50,2024-11-30,4.4329,CNY
SSE50,2024-12-31,4.4826,CNY
SSE50,2025-01-31,4.4136,CNY
SSE50,2025-02-28,4.0662,CNY
SSE50,2025-03-31,4.2706,CNY
SSE50,2025-04-30,3.8203,CNY
SSE50,2025-05-31,4.0967,CNY
SSE50,2025-06-30,4.2759,CNY
SSE50,2025-07-31,4.4126,CNY
SSE50,2025-08-31,4.3658,CNY
SSE50,2025-09-30,4.5083,CNY
SSE50,2025-10-31,4.5352,CNY
SSE50,2025-11-30,4.2925,CNY
SSE50,2025-12-31,4.0474,CNY
CHINEXT,2020-12-31,6.4000,CNY
CHINEXT,2021-01-31,7.0706,CNY
CHINEXT,2021-02-28,7.3028,CNY
CHINEXT,2021-03-31,8.0805,CNY
CHINEXT,2021-04-30,8.3654,CNY
CHINEXT,2021-05-31,7.3615,CNY
CHINEXT,2021-06-30,7.2460,CNY
CHINEXT,2021-07-31,7.4260,CNY
CHINEXT,2021-08-31,8.1371,CNY
CHINEXT,2021-09-30,9.1135,CNY
CHINEXT,2021-10-31,8.7348,CNY
CHINEXT,2021-11-30,9.1522,CNY
CHINEXT,2021-12-31,9.9772,CNY
CHINEXT,2022-01-31,9.7354,CNY
CHINEXT,2022-02-28,9.6160,CNY
CHINEXT,2022-03-31,8.7655,CNY
CHINEXT,2022-04-30,7.7136,CNY
CHINEXT,2022-05-31,7.1120,CNY
CHINEXT,2022-06-30,6.8908,CNY
CHINEXT,2022-07-31,7.0439,CNY
CHINEXT,2022-08-31,6.8413,CNY
CHINEXT,2022-09-30,6.0203,CNY
CHINEXT,2022-10-31,5.7367,CNY
CHINEXT,2022-11-30,5.1558,CNY
CHINEXT,2022-12-31,5.4330,CNY
CHINEXT,2023-01-31,5.8156,CNY
CHINEXT,2023-02-28,6.5135,CNY
CHINEXT,2023-03-31,7.1701,CNY
CHINEXT,2023-04-30,6.4094,CNY
CHINEXT,2023-05-31,6.3969,CNY
CHINEXT,2023-06-30,6.2617,CNY
CHINEXT,2023-07-31,5.8125,CNY
CHINEXT,2023-08-31,6.5099,CNY
CHINEXT,2023-09-30,6.1230,CNY
CHINEXT,2023-10-31,5.8199,CNY
CHINEXT,2023-11-30,5.8999,CNY
CHINEXT,2023-12-31,6.6079,CNY
CHINEXT,2024-01-31,5.9634,CNY
CHINEXT,2024-02-29,6.0543,CNY
CHINEXT,2024-03-31,5.5005,CNY
CHINEXT,2024-04-30,5.4030,CNY
CHINEXT,2024-05-31,5.3922,CNY
CHINEXT,2024-06-30,5.6515,CNY
CHINEXT,2024-07-31,5.8613,CNY
CHINEXT,2024-08-31,5.9996,CNY
CHINEXT,2024-09-30,6.0974,CNY
CHINEXT,2024-10-31,6.1646,CNY
CHINEXT,2024-11-30,6.6973,CNY
CHINEXT,2024-12-31,7.5010,CNY
CHINEXT,2025-01-31,6.6009,CNY
CHINEXT,2025-02-28,7.1321,CNY
CHINEXT,2025-03-31,7.3510,CNY
CHINEXT,2025-04-30,6.4689,CNY
CHINEXT,2025-05-31,5.6926,CNY
CHINEXT,2025-06-30,5.2617,CNY
CHINEXT,2025-07-31,5.3189,CNY
CHINEXT,2025-08-31,5.3502,CNY
CHINEXT,2025-09-30,5.9922,CNY
CHINEXT,2025-10-31,5.2731,CNY
CHINEXT,2025-11-30,4.8875,CNY
CHINEXT,2025-12-31,5.4740,CNY
USP500,2020-12-31,100.0000,USD
USP500,2021-01-31,97.8343,USD
USP500,2021-02-28,108.9400,USD
USP500,2021-03-31,116.0274,USD
USP500,2021-04-30,106.3815,USD
USP500,2021-05-31,107.9265,USD
USP500,2021-06-30,108.0079,USD
USP500,2021-07-31,106.6621,USD
USP500,2021-08-31,102.3006,USD
USP500,2021-09-30,104.4054,USD
USP500,2021-10-31,99.7053,USD
USP500,2021-11-30,98.5771,USD
USP500,2021-12-31,101.4168,USD
USP500,2022-01-31,96.5287,USD
USP500,2022-02-28,96.4138,USD
USP500,2022-03-31,99.1713,USD
USP500,2022-04-30,102.1286,USD
USP500,2022-05-31,97.8627,USD
USP500,2022-06-30,95.9180,USD
USP500,2022-07-31,99.0121,USD
USP500,2022-08-31,102.1358,USD
USP500,2022-09-30,101.0684,USD
USP500,2022-10-31,100.3451,USD
USP500,2022-11-30,90.7983,USD
USP500,2022-12-31,87.1211,USD
USP500,2023-01-31,96.0027,USD
USP500,2023-02-28,91.0044,USD
USP500,2023-03-31,95.2184,USD
USP500,2023-04-30,91.6497,USD
USP500,2023-05-31,90.7108,USD
USP500,2023-06-30,92.9711,USD
USP500,2023-07-31,94.0603,USD
USP500,2023-08-31,91.7493,USD
USP500,2023-09-30,100.5432,USD
USP500,2023-10-31,101.2353,USD
USP500,2023-11-30,106.2957,USD
USP500,2023-12-31,112.0399,USD
USP500,2024-01-31,107.3913,USD
USP500,2024-02-29,115.7362,USD
USP500,2024-03-31,110.4909,USD
USP500,2024-04-30,110.9012,USD
USP500,2024-05-31,105.7039,USD
USP500,2024-06-30,103.8970,USD
USP500,2024-07-31,107.0976,USD
USP500,2024-08-31,102.6780,USD
USP500,2024-09-30,114.8544,USD
USP500,2024-10-31,125.0530,USD
USP500,2024-11-30,123.2383,USD
USP500,2024-12-31,123.7792,USD
USP500,2025-01-31,117.3586,USD
USP500,2025-02-28,127.8669,USD
USP500,2025-03-31,125.7803,USD
USP500,2025-04-30,127.5034,USD
USP500,2025-05-31,137.9081,USD
USP500,2025-06-30,142.4486,USD
USP500,2025-07-31,147.9283,USD
USP500,2025-08-31,142.6788,USD
USP500,2025-09-30,139.2672,USD
USP500,2025-10-31,148.1487,USD
USP500,2025-11-30,151.7356,USD
USP500,2025-12-31,136.5677,USD
USN100,2020-12-31,120.0000,USD
USN100,2021-01-31,105.6000,USD
USN100,2021-02-28,94.7078,USD
USN100,2021-03-31,100.1901,USD
USN100,2021-04-30,112.2129,USD
USN100,2021-05-31,109.3623,USD
USN100,2021-06-30,112.1417,USD
USN100,2021-07-31,115.9601,USD
USN100,2021-08-31,119.6145,USD
USN100,2021-09-30,108.5592,USD
USN100,2021-10-31,105.9579,USD
USN100,2021-11-30,105.2983,USD
USN100,2021-12-31,116.5274,USD
USN100,2022-01-31,119.4268,USD
USN100,2022-02-28,126.7625,USD
USN100,2022-03-31,126.9121,USD
USN100,2022-04-30,128.5971,USD
USN100,2022-05-31,113.1655,USD
USN100,2022-06-30,113.2312,USD
USN100,2022-07-31,119.8381,USD
USN100,2022-08-31,110.3254,USD
USN100,2022-09-30,118.4326,USD
USN100,2022-10-31,116.2067,USD
USN100,2022-11-30,121.3391,USD
USN100,2022-12-31,126.4609,USD
USN100,2023-01-31,130.7582,USD
USN100,2023-02-28,140.2527,USD
USN100,2023-03-31,130.8187,USD
USN100,2023-04-30,138.7118,USD
USN100,2023-05-31,136.0474,USD
USN100,2023-06-30,130.4191,USD
USN100,2023-07-31,130.4187,USD
USN100,2023-08-31,145.5311,USD
USN100,2023-09-30,151.0484,USD
USN100,2023-10-31,162.0737,USD
USN100,2023-11-30,163.9861,USD
USN100,2023-12-31,162.8108,USD
USN100,2024-01-31,167.7448,USD
USN100,2024-02-29,181.5112,USD
USN100,2024-03-31,199.5485,USD
USN100,2024-04-30,185.3155,USD
USN100,2024-05-31,193.0087,USD
USN100,2024-06-30,198.0222,USD
USN100,2024-07-31,203.2564,USD
USN100,2024-08-31,203.6364,USD
USN100,2024-09-30,202.7520,USD
USN100,2024-10-31,210.2748,USD
USN100,2024-11-30,228.6716,USD
USN100,2024-12-31,226.5526,USD
USN100,2025-01-31,236.6713,USD
USN100,2025-02-28,219.7257,USD
USN100,2025-03-31,229.5689,USD
USN100,2025-04-30,238.8430,USD
USN100,2025-05-31,228.9462,USD
USN100,2025-06-30,253.1181,USD
USN100,2025-07-31,262.2089,USD
USN100,2025-08-31,280.6612,USD
USN100,2025-09-30,266.1218,USD
USN100,2025-10-31,244.4119,USD
USN100,2025-11-30,255.9416,USD
USN100,2025-12-31,243.1157,USD
USDJIA,2020-12-31,85.0000,USD
USDJIA,2021-01-31,84.8757,USD
USDJIA,2021-02-28,83.7449,USD
USDJIA,2021-03-31,84.4783,USD
USDJIA,2021-04-30,86.3612,USD
USDJIA,2021-05-31,86.5619,USD
USDJIA,2021-06-30,93.0374,USD
USDJIA,2021-07-31,97.0016,USD
USDJIA,2021-08-31,97.6411,USD
USDJIA,2021-09-30,101.3127,USD
USDJIA,2021-10-31,102.2910,USD
USDJIA,2021-11-30,99.5554,USD
USDJIA,2021-12-31,101.0274,USD
USDJIA,2022-01-31,98.7438,USD
USDJIA,2022-02-28,94.9125,USD
USDJIA,2022-03-31,94.7831,USD
USDJIA,2022-04-30,99.3486,USD
USDJIA,2022-05-31,97.9151,USD
USDJIA,2022-06-30,96.1160,USD
USDJIA,2022-07-31,99.5608,USD
USDJIA,2022-08-31,95.9857,USD
USDJIA,2022-09-30,92.0194,USD
USDJIA,2022-10-31,91.0574,USD
USDJIA,2022-11-30,91.0848,USD
USDJIA,2022-12-31,91.1720,USD
USDJIA,2023-01-31,89.3772,USD
USDJIA,2023-02-28,91.2865,USD
USDJIA,2023-03-31,87.8393,USD
USDJIA,2023-04-30,90.4116,USD
USDJIA,2023-05-31,89.7322,USD
USDJIA,2023-06-30,86.1610,USD
USDJIA,2023-07-31,88.4852,USD
USDJIA,2023-08-31,86.6182,USD
USDJIA,2023-09-30,87.1905,USD
USDJIA,2023-10-31,92.0663,USD
USDJIA,2023-11-30,96.7490,USD
USDJIA,2023-12-31,95.9976,USD
USDJIA,2024-01-31,99.9365,USD
USDJIA,2024-02-29,100.1141,USD
USDJIA,2024-03-31,103.6384,USD
USDJIA,2024-04-30,104.4628,USD
USDJIA,2024-05-31,101.4578,USD
USDJIA,2024-06-30,100.3857,USD
USDJIA,2024-07-31,102.3988,USD
USDJIA,2024-08-31,106.8246,USD
USDJIA,2024-09-30,103.1461,USD
USDJIA,2024-10-31,103.1733,USD
USDJIA,2024-11-30,100.1830,USD
USDJIA,2024-12-31,109.2214,USD
USDJIA,2025-01-31,109.5873,USD
USDJIA,2025-02-28,111.4893,USD
USDJIA,2025-03-31,109.5052,USD
USDJIA,2025-04-30,109.9641,USD
USDJIA,2025-05-31,114.3884,USD
USDJIA,2025-06-30,118.5518,USD
USDJIA,2025-07-31,115.2675,USD
USDJIA,2025-08-31,105.3434,USD
USDJIA,2025-09-30,99.7569,USD
USDJIA,2025-10-31,102.9799,USD
USDJIA,2025-11-30,103.0760,USD
USDJIA,2025-12-31,107.6720,USD
USR2000,2020-12-31,75.0000,USD
USR2000,2021-01-31,78.1460,USD
USR2000,2021-02-28,76.7920,USD
USR2000,2021-03-31,80.1378,USD
USR2000,2021-04-30,84.8790,USD
USR2000,2021-05-31,80.6007,USD
USR2000,2021-06-30,76.7366,USD
USR2000,2021-07-31,67.5282,USD
USR2000,2021-08-31,72.1116,USD
USR2000,2021-09-30,70.2734,USD
USR2000,2021-10-31,77.8998,USD
USR2000,2021-11-30,75.1184,USD
USR2000,2021-12-31,81.0407,USD
USR2000,2022-01-31,79.4446,USD
USR2000,2022-02-28,86.5964,USD
USR2000,2022-03-31,83.0513,USD
USR2000,2022-04-30,85.9022,USD
USR2000,2022-05-31,77.4178,USD
USR2000,2022-06-30,72.1955,USD
USR2000,2022-07-31,65.9051,USD
USR2000,2022-08-31,66.0852,USD
USR2000,2022-09-30,64.5436,USD
USR2000,2022-10-31,66.1382,USD
USR2000,2022-11-30,71.3361,USD
USR2000,2022-12-31,73.2189,USD
USR2000,2023-01-31,70.4570,USD
USR2000,2023-02-28,77.5835,USD
USR2000,2023-03-31,72.1028,USD
USR2000,2023-04-30,70.8992,USD
USR2000,2023-05-31,73.5112,USD
USR2000,2023-06-30,74.1110,USD
USR2000,2023-07-31,79.1509,USD
USR2000,2023-08-31,82.3559,USD
USR2000,2023-09-30,89.7480,USD
USR2000,2023-10-31,89.4976,USD
USR2000,2023-11-30,86.5577,USD
USR2000,2023-12-31,91.8242,USD
USR2000,2024-01-31,84.0565,USD
USR2000,2024-02-29,82.1331,USD
USR2000,2024-03-31,86.4740,USD
USR2000,2024-04-30,85.2217,USD
USR2000,2024-05-31,78.6719,USD
USR2000,2024-06-30,69.2312,USD
USR2000,2024-07-31,77.5390,USD
USR2000,2024-08-31,74.0683,USD
USR2000,2024-09-30,74.3017,USD
USR2000,2024-10-31,74.1151,USD
USR2000,2024-11-30,68.0017,USD
USR2000,2024-12-31,75.0277,USD
USR2000,2025-01-31,72.2303,USD
USR2000,2025-02-28,71.9969,USD
USR2000,2025-03-31,75.8558,USD
USR2000,2025-04-30,66.7531,USD
USR2000,2025-05-31,68.6419,USD
USR2000,2025-06-30,65.3946,USD
USR2000,2025-07-31,66.6311,USD
USR2000,2025-08-31,67.1367,USD
USR2000,2025-09-30,66.4426,USD
USR2000,2025-10-31,65.2651,USD
USR2000,2025-11-30,61.1700,USD
USR2000,2025-12-31,58.9253,USD
WORLD,2020-12-31,95.0000,USD
WORLD,2021-01-31,89.4230,USD
WORLD,2021-02-28,84.7222,USD
WORLD,2021-03-31,87.3247,USD
WORLD,2021-04-30,87.7053,USD
WORLD,2021-05-31,87.6910,USD
WORLD,2021-06-30,89.6888,USD
WORLD,2021-07-31,84.8352,USD
WORLD,2021-08-31,83.9023,USD
WORLD,2021-09-30,82.1413,USD
WORLD,2021-10-31,84.4968,USD
WORLD,2021-11-30,85.1803,USD
WORLD,2021-12-31,78.7677,USD
WORLD,2022-01-31,80.8171,USD
WORLD,2022-02-28,86.1429,USD
WORLD,2022-03-31,83.7402,USD
WORLD,2022-04-30,79.8300,USD
WORLD,2022-05-31,74.7679,USD
WORLD,2022-06-30,74.8995,USD
WORLD,2022-07-31,72.0096,USD
WORLD,2022-08-31,65.8761,USD
WORLD,2022-09-30,68.6497,USD
WORLD,2022-10-31,71.6207,USD
WORLD,2022-11-30,66.3414,USD
WORLD,2022-12-31,67.4411,USD
WORLD,2023-01-31,67.0742,USD
WORLD,2023-02-28,66.2705,USD
WORLD,2023-03-31,63.3748,USD
WORLD,2023-04-30,62.0285,USD
WORLD,2023-05-31,65.6160,USD
WORLD,2023-06-30,70.8286,USD
WORLD,2023-07-31,71.0430,USD
WORLD,2023-08-31,74.3205,USD
WORLD,2023-09-30,75.9982,USD
WORLD,2023-10-31,76.0508,USD
WORLD,2023-11-30,80.2302,USD
WORLD,2023-12-31,79.6009,USD
WORLD,2024-01-31,81.4969,USD
WORLD,2024-02-29,87.3886,USD
WORLD,2024-03-31,87.1454,USD
WORLD,2024-04-30,90.0973,USD
WORLD,2024-05-31,89.0950,USD
WORLD,2024-06-30,92.3306,USD
WORLD,2024-07-31,93.4163,USD
WORLD,2024-08-31,90.6934,USD
WORLD,2024-09-30,95.6236,USD
WORLD,2024-10-31,100.4732,USD
WORLD,2024-11-30,105.5471,USD
WORLD,2024-12-31,102.6342,USD
WORLD,2025-01-31,103.7342,USD
WORLD,2025-02-28,98.2048,USD
WORLD,2025-03-31,91.7751,USD
WORLD,2025-04-30,90.2030,USD
WORLD,2025-05-31,87.3016,USD
WORLD,2025-06-30,86.4417,USD
WORLD,2025-07-31,84.7423,USD
WORLD,2025-08-31,85.8570,USD
WORLD,2025-09-30,89.3426,USD
WORLD,2025-10-31,92.9934,USD
WORLD,2025-11-30,94.7604,USD
WORLD,2025-12-31,95.6587,USD
EMERGE,2020-12-31,52.0000,USD
EMERGE,2021-01-31,52.0754,USD
EMERGE,2021-02-28,52.4215,USD
EMERGE,2021-03-31,54.8189,USD
EMERGE,2021-04-30,52.0158,USD
EMERGE,2021-05-31,50.2307,USD
EMERGE,2021-06-30,55.6101,USD
EMERGE,2021-07-31,50.1963,USD
EMERGE,2021-08-31,48.2045,USD
EMERGE,2021-09-30,48.7538,USD
EMERGE,2021-10-31,47.9435,USD
EMERGE,2021-11-30,50.3434,USD
EMERGE,2021-12-31,51.2275,USD
EMERGE,2022-01-31,50.6690,USD
EMERGE,2022-02-28,48.4374,USD
EMERGE,2022-03-31,45.5414,USD
EMERGE,2022-04-30,46.2236,USD
EMERGE,2022-05-31,43.9165,USD
EMERGE,2022-06-30,40.5268,USD
EMERGE,2022-07-31,43.6806,USD
EMERGE,2022-08-31,46.1164,USD
EMERGE,2022-09-30,41.7713,USD
EMERGE,2022-10-31,42.5617,USD
EMERGE,2022-11-30,37.9704,USD
EMERGE,2022-12-31,36.0523,USD
EMERGE,2023-01-31,36.0414,USD
EMERGE,2023-02-28,37.7586,USD
EMERGE,2023-03-31,39.8515,USD
EMERGE,2023-04-30,36.0762,USD
EMERGE,2023-05-31,38.7045,USD
EMERGE,2023-06-30,38.1343,USD
EMERGE,2023-07-31,39.3763,USD
EMERGE,2023-08-31,41.3836,USD
EMERGE,2023-09-30,42.9944,USD
EMERGE,2023-10-31,39.6017,USD
EMERGE,2023-11-30,40.3714,USD
EMERGE,2023-12-31,37.6659,USD
EMERGE,2024-01-31,41.4093,USD
EMERGE,2024-02-29,36.4402,USD
EMERGE,2024-03-31,39.3948,USD
EMERGE,2024-04-30,41.1924,USD
EMERGE,2024-05-31,43.4997,USD
EMERGE,2024-06-30,46.0070,USD
EMERGE,2024-07-31,44.4886,USD
EMERGE,2024-08-31,42.6463,USD
EMERGE,2024-09-30,39.6149,USD
EMERGE,2024-10-31,39.4964,USD
EMERGE,2024-11-30,37.7568,USD
EMERGE,2024-12-31,39.1674,USD
EMERGE,2025-01-31,36.7656,USD
EMERGE,2025-02-28,41.1775,USD
EMERGE,2025-03-31,38.6470,USD
EMERGE,2025-04-30,39.7576,USD
EMERGE,2025-05-31,39.7879,USD
EMERGE,2025-06-30,40.9911,USD
EMERGE,2025-07-31,42.0319,USD
EMERGE,2025-08-31,39.2382,USD
EMERGE,2025-09-30,42.3626,USD
EMERGE,2025-10-31,42.6042,USD
EMERGE,2025-11-30,40.5487,USD
EMERGE,2025-12-31,39.2708,USD
ALLWORLD,2020-12-31,105.0000,USD
ALLWORLD,2021-01-31,103.7678,USD
ALLWORLD,2021-02-28,110.3261,USD
ALLWORLD,2021-03-31,112.5014,USD
ALLWORLD,2021-04-30,112.6048,USD
ALLWORLD,2021-05-31,118.4874,USD
ALLWORLD,2021-06-30,122.6603,USD
ALLWORLD,2021-07-31,123.0700,USD
ALLWORLD,2021-08-31,126.5206,USD
ALLWORLD,2021-09-30,127.8936,USD
ALLWORLD,2021-10-31,138.6831,USD
ALLWORLD,2021-11-30,138.7546,USD
ALLWORLD,2021-12-31,140.9563,USD
ALLWORLD,2022-01-31,131.1975,USD
ALLWORLD,2022-02-28,132.4935,USD
ALLWORLD,2022-03-31,134.6354,USD
ALLWORLD,2022-04-30,142.3716,USD
ALLWORLD,2022-05-31,132.2020,USD
ALLWORLD,2022-06-30,128.6125,USD
ALLWORLD,2022-07-31,127.7111,USD
ALLWORLD,2022-08-31,124.0270,USD
ALLWORLD,2022-09-30,124.9316,USD
ALLWORLD,2022-10-31,120.1094,USD
ALLWORLD,2022-11-30,122.8532,USD
ALLWORLD,2022-12-31,118.7304,USD
ALLWORLD,2023-01-31,125.6189,USD
ALLWORLD,2023-02-28,129.6968,USD
ALLWORLD,2023-03-31,126.5977,USD
ALLWORLD,2023-04-30,128.9927,USD
ALLWORLD,2023-05-31,122.5070,USD
ALLWORLD,2023-06-30,133.7200,USD
ALLWORLD,2023-07-31,139.4429,USD
ALLWORLD,2023-08-31,133.4630,USD
ALLWORLD,2023-09-30,135.7615,USD
ALLWORLD,2023-10-31,129.3554,USD
ALLWORLD,2023-11-30,121.7257,USD
ALLWORLD,2023-12-31,122.3848,USD
ALLWORLD,2024-01-31,118.0415,USD
ALLWORLD,2024-02-29,123.5322,USD
ALLWORLD,2024-03-31,120.2890,USD
ALLWORLD,2024-04-30,121.9905,USD
ALLWORLD,2024-05-31,128.8109,USD
ALLWORLD,2024-06-30,125.4352,USD
ALLWORLD,2024-07-31,135.3213,USD
ALLWORLD,2024-08-31,121.9264,USD
ALLWORLD,2024-09-30,127.5862,USD
ALLWORLD,2024-10-31,119.7399,USD
ALLWORLD,2024-11-30,131.0009,USD
ALLWORLD,2024-12-31,133.4550,USD
ALLWORLD,2025-01-31,128.1413,USD
ALLWORLD,2025-02-28,133.8904,USD
ALLWORLD,2025-03-31,140.3394,USD
ALLWORLD,2025-04-30,145.6625,USD
ALLWORLD,2025-05-31,151.5334,USD
ALLWORLD,2025-06-30,155.2059,USD
ALLWORLD,2025-07-31,152.1593,USD
ALLWORLD,2025-08-31,161.7330,USD
ALLWORLD,2025-09-30,161.3937,USD
ALLWORLD,2025-10-31,166.3160,USD
ALLWORLD,2025-11-30,158.6737,USD
ALLWORLD,2025-12-31,164.2195,USD
JPN225,2020-12-31,1800.0000,JPY
JPN225,2021-01-31,1931.8516,JPY
JPN225,2021-02-28,2026.5555,JPY
JPN225,2021-03-31,2163.7059,JPY
JPN225,2021-04-30,2177.4974,JPY
JPN225,2021-05-31,1952.9736,JPY
JPN225,2021-06-30,1967.7534,JPY
JPN225,2021-07-31,1991.2933,JPY
JPN225,2021-08-31,2062.1339,JPY
JPN225,2021-09-30,2249.0489,JPY
JPN225,2021-10-31,2264.2045,JPY
JPN225,2021-11-30,2308.0651,JPY
JPN225,2021-12-31,2186.4551,JPY
JPN225,2022-01-31,2088.9848,JPY
JPN225,2022-02-28,2236.3636,JPY
JPN225,2022-03-31,2324.6110,JPY
JPN225,2022-04-30,2318.0558,JPY
JPN225,2022-05-31,2370.7745,JPY
JPN225,2022-06-30,2409.1518,JPY
JPN225,2022-07-31,2384.3934,JPY
JPN225,2022-08-31,2377.0352,JPY
JPN225,2022-09-30,2522.2596,JPY
JPN225,2022-10-31,2664.0255,JPY
JPN225,2022-11-30,2409.9675,JPY
JPN225,2022-12-31,2365.3664,JPY
JPN225,2023-01-31,2421.4396,JPY
JPN225,2023-02-28,2311.2492,JPY
JPN225,2023-03-31,2324.1034,JPY
JPN225,2023-04-30,2232.5393,JPY
JPN225,2023-05-31,2222.2846,JPY
JPN225,2023-06-30,2262.8430,JPY
JPN225,2023-07-31,2369.2796,JPY
JPN225,2023-08-31,2415.3979,JPY
JPN225,2023-09-30,2484.4834,JPY
JPN225,2023-10-31,2532.1904,JPY
JPN225,2023-11-30,2480.7124,JPY
JPN225,2023-12-31,2587.3882,JPY
JPN225,2024-01-31,2800.1521,JPY
JPN225,2024-02-29,2897.3262,JPY
JPN225,2024-03-31,2836.5727,JPY
JPN225,2024-04-30,2906.5457,JPY
JPN225,2024-05-31,2763.8489,JPY
JPN225,2024-06-30,2804.4860,JPY
JPN225,2024-07-31,2808.1710,JPY
JPN225,2024-08-31,3010.5357,JPY
JPN225,2024-09-30,3099.1486,JPY
JPN225,2024-10-31,3035.4063,JPY
JPN225,2024-11-30,3293.4757,JPY
JPN225,2024-12-31,3393.8160,JPY
JPN225,2025-01-31,3338.6437,JPY
JPN225,2025-02-28,3255.2954,JPY
JPN225,2025-03-31,3287.9855,JPY
JPN225,2025-04-30,3393.8474,JPY
JPN225,2025-05-31,3649.4521,JPY
JPN225,2025-06-30,3865.8083,JPY
JPN225,2025-07-31,4082.3960,JPY
JPN225,2025-08-31,4051.8828,JPY
JPN225,2025-09-30,4538.1087,JPY
JPN225,2025-10-31,4097.9880,JPY
JPN225,2025-11-30,4067.9504,JPY
JPN225,2025-12-31,3981.7533,JPY
JPTOPIX,2020-12-31,1450.0000,JPY
JPTOPIX,2021-01-31,1497.8784,JPY
JPTOPIX,2021-02-28,1603.4807,JPY
JPTOPIX,2021-03-31,1699.8062,JPY
JPTOPIX,2021-04-30,1648.0547,JPY
JPTOPIX,2021-05-31,1735.7107,JPY
JPTOPIX,2021-06-30,1690.7338,JPY
JPTOPIX,2021-07-31,1610.6072,JPY
JPTOPIX,2021-08-31,1573.8209,JPY
JPTOPIX,2021-09-30,1605.5304,JPY
JPTOPIX,2021-10-31,1591.6186,JPY
JPTOPIX,2021-11-30,1654.6381,JPY
JPTOPIX,2021-12-31,1745.2377,JPY
JPTOPIX,2022-01-31,1708.6309,JPY
JPTOPIX,2022-02-28,1770.6150,JPY
JPTOPIX,2022-03-31,1800.2305,JPY
JPTOPIX,2022-04-30,1699.8178,JPY
JPTOPIX,2022-05-31,1780.9565,JPY
JPTOPIX,2022-06-30,1768.2337,JPY
JPTOPIX,2022-07-31,1831.3066,JPY
JPTOPIX,2022-08-31,1799.2835,JPY
JPTOPIX,2022-09-30,1878.8516,JPY
JPTOPIX,2022-10-31,1715.4616,JPY
JPTOPIX,2022-11-30,1673.5042,JPY
JPTOPIX,2022-12-31,1626.5280,JPY
JPTOPIX,2023-01-31,1630.5390,JPY
JPTOPIX,2023-02-28,1620.9562,JPY
JPTOPIX,2023-03-31,1623.7303,JPY
JPTOPIX,2023-04-30,1818.5780,JPY
JPTOPIX,2023-05-31,1951.7077,JPY
JPTOPIX,2023-06-30,1920.6773,JPY
JPTOPIX,2023-07-31,1936.4843,JPY
JPTOPIX,2023-08-31,2052.3528,JPY
JPTOPIX,2023-09-30,2162.1126,JPY
JPTOPIX,2023-10-31,2172.0134,JPY
JPTOPIX,2023-11-30,2193.6612,JPY
JPTOPIX,2023-12-31,2111.1243,JPY
JPTOPIX,2024-01-31,2010.4819,JPY
JPTOPIX,2024-02-29,2009.0623,JPY
JPTOPIX,2024-03-31,1944.7604,JPY
JPTOPIX,2024-04-30,2012.6299,JPY
JPTOPIX,2024-05-31,1968.2448,JPY
JPTOPIX,2024-06-30,1959.5558,JPY
JPTOPIX,2024-07-31,1989.0127,JPY
JPTOPIX,2024-08-31,1859.2093,JPY
JPTOPIX,2024-09-30,1729.9491,JPY
JPTOPIX,2024-10-31,1778.2073,JPY
JPTOPIX,2024-11-30,1726.0936,JPY
JPTOPIX,2024-12-31,1754.8668,JPY
JPTOPIX,2025-01-31,1692.2658,JPY
JPTOPIX,2025-02-28,1665.7445,JPY
JPTOPIX,2025-03-31,1650.2808,JPY
JPTOPIX,2025-04-30,1553.9033,JPY
JPTOPIX,2025-05-31,1594.5689,JPY
JPTOPIX,2025-06-30,1682.3071,JPY
JPTOPIX,2025-07-31,1869.9015,JPY
JPTOPIX,2025-08-31,1860.1735,JPY
JPTOPIX,2025-09-30,1810.5348,JPY
JPTOPIX,2025-10-31,1912.3961,JPY
JPTOPIX,2025-11-30,2031.9570,JPY
JPTOPIX,2025-12-31,2135.4453,JPY
KOR200,2020-12-31,14500.0000,KRW
KOR200,2021-01-31,13306.3150,KRW
KOR200,2021-02-28,12909.0683,KRW
KOR200,2021-03-31,13108.9293,KRW
KOR200,2021-04-30,12481.4823,KRW
KOR200,2021-05-31,12316.1407,KRW
KOR200,2021-06-30,11944.4423,KRW
KOR200,2021-07-31,11952.6758,KRW
KOR200,2021-08-31,11725.5101,KRW
KOR200,2021-09-30,11516.4334,KRW
KOR200,2021-10-31,10639.2396,KRW
KOR200,2021-11-30,10337.5267,KRW
KOR200,2021-12-31,10388.7144,KRW
KOR200,2022-01-31,9742.2652,KRW
KOR200,2022-02-28,10378.9575,KRW
KOR200,2022-03-31,10343.3450,KRW
KOR200,2022-04-30,10080.8355,KRW
KOR200,2022-05-31,10234.4564,KRW
KOR200,2022-06-30,9586.1599,KRW
KOR200,2022-07-31,9880.9153,KRW
KOR200,2022-08-31,9167.7865,KRW
KOR200,2022-09-30,9028.0542,KRW
KOR200,2022-10-31,8661.6146,KRW
KOR200,2022-11-30,9073.0060,KRW
KOR200,2022-12-31,9653.4018,KRW
KOR200,2023-01-31,10369.5632,KRW
KOR200,2023-02-28,9778.5439,KRW
KOR200,2023-03-31,10206.0052,KRW
KOR200,2023-04-30,9561.5819,KRW
KOR200,2023-05-31,9748.4227,KRW
KOR200,2023-06-30,9874.9006,KRW
KOR200,2023-07-31,10552.5924,KRW
KOR200,2023-08-31,10082.8712,KRW
KOR200,2023-09-30,10396.5491,KRW
KOR200,2023-10-31,9472.4340,KRW
KOR200,2023-11-30,10435.3372,KRW
KOR200,2023-12-31,10864.0587,KRW
KOR200,2024-01-31,10029.6210,KRW
KOR200,2024-02-29,10090.6816,KRW
KOR200,2024-03-31,9984.1157,KRW
KOR200,2024-04-30,9309.3475,KRW
KOR200,2024-05-31,9819.3502,KRW
KOR200,2024-06-30,9740.6377,KRW
KOR200,2024-07-31,8814.6377,KRW
KOR200,2024-08-31,8865.6621,KRW
KOR200,2024-09-30,8912.7480,KRW
KOR200,2024-10-31,8601.6371,KRW
KOR200,2024-11-30,8128.6627,KRW
KOR200,2024-12-31,8392.0219,KRW
KOR200,2025-01-31,7868.7143,KRW
KOR200,2025-02-28,6924.4686,KRW
KOR200,2025-03-31,7202.2099,KRW
KOR200,2025-04-30,7688.6355,KRW
KOR200,2025-05-31,7990.2052,KRW
KOR200,2025-06-30,8222.9346,KRW
KOR200,2025-07-31,7489.9443,KRW
KOR200,2025-08-31,7331.4680,KRW
KOR200,2025-09-30,6987.7195,KRW
KOR200,2025-10-31,6383.1549,KRW
KOR200,2025-11-30,6564.7573,KRW
KOR200,2025-12-31,6669.9284,KRW
EU600,2020-12-31,80.0000,EUR
EU600,2021-01-31,88.1958,EUR
EU600,2021-02-28,89.1504,EUR
EU600,2021-03-31,88.8550,EUR
EU600,2021-04-30,97.5481,EUR
EU600,2021-05-31,93.3163,EUR
EU600,2021-06-30,88.9621,EUR
EU600,2021-07-31,87.8570,EUR
EU600,2021-08-31,89.7138,EUR
EU600,2021-09-30,86.8007,EUR
EU600,2021-10-31,91.7281,EUR
EU600,2021-11-30,97.0227,EUR
EU600,2021-12-31,100.6174,EUR
EU600,2022-01-31,106.3691,EUR
EU600,2022-02-28,100.6589,EUR
EU600,2022-03-31,105.5521,EUR
EU600,2022-04-30,106.2722,EUR
EU600,2022-05-31,103.4119,EUR
EU600,2022-06-30,103.5656,EUR
EU600,2022-07-31,97.9731,EUR
EU600,2022-08-31,96.3222,EUR
EU600,2022-09-30,105.2744,EUR
EU600,2022-10-31,103.0106,EUR
EU600,2022-11-30,102.4036,EUR
EU600,2022-12-31,101.7737,EUR
EU600,2023-01-31,100.6207,EUR
EU600,2023-02-28,100.0593,EUR
EU600,2023-03-31,91.1489,EUR
EU600,2023-04-30,97.9097,EUR
EU600,2023-05-31,98.6632,EUR
EU600,2023-06-30,96.7900,EUR
EU600,2023-07-31,91.7080,EUR
EU600,2023-08-31,96.6539,EUR
EU600,2023-09-30,95.4801,EUR
EU600,2023-10-31,98.7051,EUR
EU600,2023-11-30,99.1113,EUR
EU600,2023-12-31,102.1178,EUR
EU600,2024-01-31,104.0994,EUR
EU600,2024-02-29,106.0342,EUR
EU600,2024-03-31,102.3545,EUR
EU600,2024-04-30,103.6239,EUR
EU600,2024-05-31,101.4405,EUR
EU600,2024-06-30,103.6345,EUR
EU600,2024-07-31,98.5305,EUR
EU600,2024-08-31,95.8604,EUR
EU600,2024-09-30,97.8941,EUR
EU600,2024-10-31,97.8210,EUR
EU600,2024-11-30,105.3155,EUR
EU600,2024-12-31,106.7575,EUR
EU600,2025-01-31,109.0550,EUR
EU600,2025-02-28,112.1654,EUR
EU600,2025-03-31,105.8962,EUR
EU600,2025-04-30,106.2984,EUR
EU600,2025-05-31,107.5635,EUR
EU600,2025-06-30,110.1552,EUR
EU600,2025-07-31,108.2085,EUR
EU600,2025-08-31,110.2516,EUR
EU600,2025-09-30,105.7612,EUR
EU600,2025-10-31,106.2655,EUR
EU600,2025-11-30,93.5136,EUR
EU600,2025-12-31,91.2121,EUR
GERDAX,2020-12-31,135.0000,EUR
GERDAX,2021-01-31,137.5562,EUR
GERDAX,2021-02-28,129.0197,EUR
GERDAX,2021-03-31,129.8588,EUR
GERDAX,2021-04-30,130.2597,EUR
GERDAX,2021-05-31,130.0646,EUR
GERDAX,2021-06-30,128.5306,EUR
GERDAX,2021-07-31,120.9841,EUR
GERDAX,2021-08-31,116.0172,EUR
GERDAX,2021-09-30,125.0875,EUR
GERDAX,2021-10-31,124.9110,EUR
GERDAX,2021-11-30,128.1480,EUR
GERDAX,2021-12-31,131.5688,EUR
GERDAX,2022-01-31,136.7246,EUR
GERDAX,2022-02-28,147.2007,EUR
GERDAX,2022-03-31,138.2140,EUR
GERDAX,2022-04-30,122.2199,EUR
GERDAX,2022-05-31,126.7584,EUR
GERDAX,2022-06-30,120.1326,EUR
GERDAX,2022-07-31,128.2981,EUR
GERDAX,2022-08-31,127.7268,EUR
GERDAX,2022-09-30,124.3825,EUR
GERDAX,2022-10-31,122.4853,EUR
GERDAX,2022-11-30,130.4461,EUR
GERDAX,2022-12-31,123.9543,EUR
GERDAX,2023-01-31,114.7779,EUR
GERDAX,2023-02-28,117.1699,EUR
GERDAX,2023-03-31,115.8309,EUR
GERDAX,2023-04-30,116.6207,EUR
GERDAX,2023-05-31,118.1631,EUR
GERDAX,2023-06-30,118.7586,EUR
GERDAX,2023-07-31,128.0941,EUR
GERDAX,2023-08-31,113.8653,EUR
GERDAX,2023-09-30,108.9281,EUR
GERDAX,2023-10-31,115.8050,EUR
GERDAX,2023-11-30,126.1045,EUR
GERDAX,2023-12-31,132.3213,EUR
GERDAX,2024-01-31,147.0188,EUR
GERDAX,2024-02-29,155.0273,EUR
GERDAX,2024-03-31,156.6467,EUR
GERDAX,2024-04-30,146.0419,EUR
GERDAX,2024-05-31,137.7494,EUR
GERDAX,2024-06-30,138.0073,EUR
GERDAX,2024-07-31,129.9072,EUR
GERDAX,2024-08-31,129.3379,EUR
GERDAX,2024-09-30,134.1868,EUR
GERDAX,2024-10-31,128.0080,EUR
GERDAX,2024-11-30,129.2456,EUR
GERDAX,2024-12-31,133.5237,EUR
GERDAX,2025-01-31,127.1647,EUR
GERDAX,2025-02-28,122.7753,EUR
GERDAX,2025-03-31,128.4913,EUR
GERDAX,2025-04-30,127.9799,EUR
GERDAX,2025-05-31,122.5679,EUR
GERDAX,2025-06-30,122.1309,EUR
GERDAX,2025-07-31,127.4997,EUR
GERDAX,2025-08-31,134.7845,EUR
GERDAX,2025-09-30,143.2044,EUR
GERDAX,2025-10-31,147.5279,EUR
GERDAX,2025-11-30,139.5027,EUR
GERDAX,2025-12-31,138.2505,EUR
