symbol,date,monthly_price_return_pct,monthly_total_return_pct,total_return_index,cumulative_total_return_pct
CHN300,2020-12-31,0.0000,0.0000,100.0000,0.0000
CHN300,2021-01-31,-1.7628,-1.5961,98.4039,-1.5961
CHN300,2021-02-28,12.0000,12.1667,110.3763,10.3763
CHN300,2021-03-31,4.8936,5.0602,115.9616,15.9616
CHN300,2021-04-30,2.7479,2.9146,119.3414,19.3414
CHN300,2021-05-31,1.4782,1.6449,121.3045,21.3045
CHN300,2021-06-30,-7.3385,-7.1718,112.6047,12.6047
CHN300,2021-07-31,-5.4995,-5.3328,106.5997,6.5997
CHN300,2021-08-31,-1.7710,-1.6043,104.8895,4.8895
CHN300,2021-09-30,6.5722,6.7389,111.9579,11.9579
CHN300,2021-10-31,10.0172,10.1838,123.3595,23.3595
CHN300,2021-11-30,-8.9325,-8.7658,112.5461,12.5461
CHN300,2021-12-31,-5.7694,-5.6027,106.2405,6.2405
CHN300,2022-01-31,1.2153,1.3819,107.7086,7.7086
CHN300,2022-02-28,-9.9914,-9.8247,97.1266,-2.8734
CHN300,2022-03-31,1.5257,1.6923,98.7703,-1.2297
CHN300,2022-04-30,-0.1106,0.0561,98.8257,-1.1743
CHN300,2022-05-31,0.7180,0.8847,99.7000,-0.3000
CHN300,2022-06-30,1.5721,1.7388,101.4335,1.4335
CHN300,2022-07-31,-8.2466,-8.0800,93.2377,-6.7623
CHN300,2022-08-31,0.5184,0.6851,93.8765,-6.1235
CHN300,2022-09-30,6.3798,6.5465,100.0221,0.0221
CHN300,2022-10-31,-6.0364,-5.8697,94.1511,-5.8489
CHN300,2022-11-30,-6.7338,-6.5672,87.9680,-12.0320
CHN300,2022-12-31,5.5400,5.7067,92.9881,-7.0119
CHN300,2023-01-31,-0.7642,-0.5976,92.4324,-7.5676
CHN300,2023-02-28,8.6784,8.8450,100.6081,0.6081
CHN300,2023-03-31,0.0225,0.1892,100.7984,0.7984
CHN300,2023-04-30,4.3483,4.5150,105.3494,5.3494
CHN300,2023-05-31,10.7141,10.8808,116.8122,16.8122
CHN300,2023-06-30,-1.5067,-1.3400,115.2469,15.2469
CHN300,2023-07-31,0.8604,1.0271,116.4306,16.4306
CHN300,2023-08-31,5.1955,5.3621,122.6737,22.6737
CHN300,2023-09-30,0.9276,1.0943,124.0161,24.0161
CHN300,2023-10-31,8.3214,8.4881,134.5427,34.5427
CHN300,2023-11-30,8.4970,8.6636,146.1990,46.1990
CHN300,2023-12-31,-5.1183,-4.9516,138.9598,38.9598
CHN300,2024-01-31,7.3392,7.5059,149.3900,49.3900
CHN300,2024-02-29,1.6203,1.7870,152.0595,52.0595
CHN300,2024-03-31,-1.5920,-1.4254,149.8921,49.8921
CHN300,2024-04-30,4.7653,4.9319,157.2847,57.2847
CHN300,2024-05-31,9.2678,9.4345,172.1238,72.1238
CHN300,2024-06-30,3.8654,4.0321,179.0640,79.0640
CHN300,2024-07-31,6.3066,6.4732,190.6552,90.6552
CHN300,2024-08-31,-9.5493,-9.3827,172.7666,72.7666
CHN300,2024-09-30,-3.0932,-2.9265,167.7106,67.7106
CHN300,2024-10-31,-4.2414,-4.0747,160.8768,60.8768
CHN300,2024-11-30,-0.6090,-0.4424,160.1652,60.1652
CHN300,2024-12-31,-0.6134,-0.4467,159.4497,59.4497
CHN300,2025-01-31,-2.2806,-2.1139,156.0791,56.0791
CHN300,2025-02-28,12.0000,12.1667,175.0687,75.0687
CHN300,2025-03-31,-5.6473,-5.4806,165.4738,65.4738
CHN300,2025-04-30,7.7053,7.8720,178.4999,78.4999
CHN300,2025-05-31,0.4822,0.6489,179.6582,79.6582
CHN300,2025-06-30,5.7625,5.9292,190.3105,90.3105
CHN300,2025-07-31,-8.1534,-7.9868,175.1108,75.1108
CHN300,2025-08-31,2.5199,2.6865,179.8152,79.8152
CHN300,2025-09-30,-5.1774,-5.0108,170.8051,70.8051
CHN300,2025-10-31,9.3364,9.5030,187.0368,87.0368
CHN300,2025-11-30,5.5390,5.7056,197.7084,97.7084
CHN300,2025-12-31,-7.9695,-7.8028,182.2815,82.2815
CHN500,2020-12-31,0.0000,0.0000,100.0000,0.0000
CHN500,2021-01-31,0.6200,0.7534,100.7534,0.7534
CHN500,2021-02-28,1.1494,1.2828,102.0458,2.0458
CHN500,2021-03-31,-0.7507,-0.6174,101.4158,1.4158
CHN500,2021-04-30,9.7515,9.8848,111.4405,11.4405
CHN500,2021-05-31,11.6410,11.7744,124.5619,24.5619
CHN500,2021-06-30,12.0000,12.1333,139.6754,39.6754
CHN500,2021-07-31,5.9277,6.0610,148.1412,48.1412
CHN500,2021-08-31,4.7971,4.9304,155.4451,55.4451
CHN500,2021-09-30,-9.5469,-9.4135,140.8122,40.8122
CHN500,2021-10-31,3.2267,3.3601,145.5436,45.5436
CHN500,2021-11-30,-2.5310,-2.3977,142.0539,42.0539
CHN500,2021-12-31,1.3541,1.4875,144.1669,44.1669
CHN500,2022-01-31,9.9051,10.0384,158.6389,58.6389
CHN500,2022-02-28,-0.8751,-0.7417,157.4623,57.4623
CHN500,2022-03-31,-9.2441,-9.1108,143.1162,43.1162
CHN500,2022-04-30,4.9617,5.0950,150.4080,50.4080
CHN500,2022-05-31,2.8014,2.9348,154.8221,54.8221
CHN500,2022-06-30,-7.8001,-7.6668,142.9522,42.9522
CHN500,2022-07-31,12.0000,12.1333,160.2971,60.2971
CHN500,2022-08-31,-1.1468,-1.0134,158.6726,58.6726
CHN500,2022-09-30,8.6920,8.8254,172.6760,72.6760
CHN500,2022-10-31,4.2426,4.3759,180.2321,80.2321
CHN500,2022-11-30,3.0222,3.1556,185.9195,85.9195
CHN500,2022-12-31,-2.8675,-2.7342,180.8361,80.8361
CHN500,2023-01-31,11.8400,11.9733,202.4881,102.4881
CHN500,2023-02-28,-4.5833,-4.4499,193.4775,93.4775
CHN500,2023-03-31,-0.4717,-0.3384,192.8229,92.8229
CHN500,2023-04-30,4.5001,4.6334,201.7572,101.7572
CHN500,2023-05-31,-3.1033,-2.9700,195.7650,95.7650
CHN500,2023-06-30,-0.9148,-0.7814,194.2352,94.2352
CHN500,2023-07-31,-5.3047,-5.1714,184.1905,84.1905
CHN500,2023-08-31,1.4554,1.5887,187.1168,87.1168
CHN500,2023-09-30,0.0756,0.2089,187.5078,87.5078
CHN500,2023-10-31,1.5748,1.7081,190.7106,90.7106
CHN500,2023-11-30,7.2743,7.4076,204.8378,104.8378
CHN500,2023-12-31,-7.7062,-7.5729,189.3257,89.3257
CHN500,2024-01-31,-12.0000,-11.8667,166.8591,66.8591
CHN500,2024-02-29,3.8496,3.9830,173.5050,73.5050
CHN500,2024-03-31,1.6160,1.7493,176.5401,76.5401
CHN500,2024-04-30,-9.0124,-8.8790,160.8651,60.8651
CHN500,2024-05-31,1.8089,1.9422,163.9894,63.9894
CHN500,2024-06-30,-1.1372,-1.0039,162.3432,62.3432
CHN500,2024-07-31,-5.6823,-5.5490,153.3348,53.3348
CHN500,2024-08-31,-12.0000,-11.8667,135.1391,35.1391
CHN500,2024-09-30,8.0373,8.1707,146.1808,46.1808
CHN500,2024-10-31,-5.5977,-5.4643,138.1930,38.1930
CHN500,2024-11-30,0.6567,0.7901,139.2848,39.2848
CHN500,2024-12-31,-1.9628,-1.8295,136.7367,36.7367
CHN500,2025-01-31,10.2604,10.3937,150.9487,50.9487
CHN500,2025-02-28,8.2309,8.3642,163.5744,63.5744
CHN500,2025-03-31,-1.8801,-1.7468,160.7171,60.7171
CHN500,2025-04-30,-12.0000,-11.8667,141.6453,41.6453
CHN500,2025-05-31,-8.6305,-8.4972,129.6094,29.6094
CHN500,2025-06-30,-0.8497,-0.7164,128.6809,28.6809
CHN500,2025-07-31,-3.7845,-3.6512,123.9825,23.9825
CHN500,2025-08-31,5.6632,5.7965,131.1692,31.1692
CHN500,2025-09-30,-8.9693,-8.8359,119.5792,19.5792
CHN500,2025-10-31,2.5341,2.6674,122.7688,22.7688
CHN500,2025-11-30,6.5780,6.7114,131.0083,31.0083
CHN500,2025-12-31,-3.0538,-2.9205,127.1822,27.1822
CHN1000,2020-12-31,0.0000,0.0000,100.0000,0.0000
CHN1000,2021-01-31,8.7951,8.8951,108.8951,8.8951
CHN1000,2021-02-28,6.9913,7.0913,116.6172,16.6172
CHN1000,2021-03-31,4.1650,4.2650,121.5909,21.5909
CHN1000,2021-04-30,1.3698,1.4698,123.3780,23.3780
CHN1000,2021-05-31,1.4917,1.5917,125.3419,25.3419
CHN1000,2021-06-30,12.0000,12.1000,140.5083,40.5083
CHN1000,2021-07-31,-10.7001,-10.6001,125.6143,25.6143
CHN1000,2021-08-31,11.0092,11.1092,139.5690,39.5690
CHN1000,2021-09-30,-3.5135,-3.4135,134.8048,34.8048
CHN1000,2021-10-31,1.6163,1.7163,137.1185,37.1185
CHN1000,2021-11-30,2.2078,2.3078,140.2830,40.2830
CHN1000,2021-12-31,10.3029,10.4029,154.8765,54.8765
CHN1000,2022-01-31,-10.5991,-10.4991,138.6158,38.6158
CHN1000,2022-02-28,10.5636,10.6636,153.3972,53.3972
CHN1000,2022-03-31,1.3024,1.4024,155.5485,55.5485
CHN1000,2022-04-30,-0.2829,-0.1829,155.2640,55.2640
CHN1000,2022-05-31,4.2014,4.3014,161.9425,61.9425
CHN1000,2022-06-30,-0.7458,-0.6458,160.8968,60.8968
CHN1000,2022-07-31,-0.1365,-0.0365,160.8380,60.8380
CHN1000,2022-08-31,-7.9048,-7.8048,148.2850,48.2850
CHN1000,2022-09-30,4.1798,4.2798,154.6312,54.6312
CHN1000,2022-10-31,-3.5766,-3.4766,149.2553,49.2553
CHN1000,2022-11-30,3.4715,3.5715,154.5859,54.5859
CHN1000,2022-12-31,-2.7117,-2.6117,150.5486,50.5486
CHN1000,2023-01-31,-4.7506,-4.6506,143.5471,43.5471
CHN1000,2023-02-28,-1.7971,-1.6971,141.1109,41.1109
CHN1000,2023-03-31,-4.6550,-4.5550,134.6833,34.6833
CHN1000,2023-04-30,12.0000,12.1000,150.9800,50.9800
CHN1000,2023-05-31,2.0625,2.1625,154.2449,54.2449
CHN1000,2023-06-30,-8.6782,-8.5782,141.0135,41.0135
CHN1000,2023-07-31,-4.7582,-4.6582,134.4448,34.4448
CHN1000,2023-08-31,8.4647,8.5647,145.9596,45.9596
CHN1000,2023-09-30,-2.3496,-2.2496,142.6761,42.6761
CHN1000,2023-10-31,-0.0390,0.0610,142.7632,42.7632
CHN1000,2023-11-30,1.6984,1.7984,145.3306,45.3306
CHN1000,2023-12-31,2.6353,2.7353,149.3059,49.3059
CHN1000,2024-01-31,4.5518,4.6518,156.2513,56.2513
CHN1000,2024-02-29,-3.2641,-3.1641,151.3072,51.3072
CHN1000,2024-03-31,7.5302,7.6302,162.8523,62.8523
CHN1000,2024-04-30,0.9523,1.0523,164.5660,64.5660
CHN1000,2024-05-31,-1.5806,-1.4806,162.1294,62.1294
CHN1000,2024-06-30,-12.0000,-11.9000,142.8360,42.8360
CHN1000,2024-07-31,3.5024,3.6024,147.9815,47.9815
CHN1000,2024-08-31,12.0000,12.1000,165.8873,65.8873
CHN1000,2024-09-30,10.0997,10.1997,182.8073,82.8073
CHN1000,2024-10-31,10.3210,10.4210,201.8577,101.8577
CHN1000,2024-11-30,7.0129,7.1129,216.2156,116.2156
CHN1000,2024-12-31,7.9115,8.0115,233.5379,133.5379
CHN1000,2025-01-31,-3.7022,-3.6022,225.1253,125.1253
CHN1000,2025-02-28,6.7003,6.8003,240.4345,140.4345
CHN1000,2025-03-31,8.9617,9.0617,262.2219,162.2219
CHN1000,2025-04-30,-6.8868,-6.7868,244.4253,144.4253
CHN1000,2025-05-31,2.6545,2.7545,251.1581,151.1581
CHN1000,2025-06-30,12.0000,12.1000,281.5483,181.5483
CHN1000,2025-07-31,-0.1063,-0.0063,281.5305,181.5305
CHN1000,2025-08-31,5.2064,5.3064,296.4696,196.4696
CHN1000,2025-09-30,4.2226,4.3226,309.2847,209.2847
CHN1000,2025-10-31,5.7617,5.8617,327.4142,227.4142
CHN1000,2025-11-30,-4.4832,-4.3832,313.0629,213.0629
CHN1000,2025-12-31,0.8506,0.9506,316.0389,216.0389
SSE50,2020-12-31,0.0000,0.0000,100.0000,0.0000
SSE50,2021-01-31,12.0000,12.2333,112.2333,12.2333
SSE50,2021-02-28,-1.2635,-1.0302,111.0771,11.0771
SSE50,2021-03-31,2.7850,3.0184,114.4298,14.4298
SSE50,2021-04-30,6.5512,6.7845,122.1933,22.1933
SSE50,2021-05-31,8.7742,9.0075,133.1999,33.1999
SSE50,2021-06-30,-4.7797,-4.5464,127.1441,27.1441
SSE50,2021-07-31,-5.8193,-5.5859,120.0419,20.0419
SSE50,2021-08-31,6.8176,7.0510,128.5060,28.5060
SSE50,2021-09-30,-1.7428,-1.5095,126.5662,26.5662
SSE50,2021-10-31,1.4418,1.6752,128.6864,28.6864
SSE50,2021-11-30,1.3630,1.5964,130.7407,30.7407
SSE50,2021-12-31,-3.5775,-3.3442,126.3685,26.3685
SSE50,2022-01-31,-6.2474,-6.0141,118.7686,18.7686
SSE50,2022-02-28,1.5902,1.8236,120.9344,20.9344
SSE50,2022-03-31,-0.8804,-0.6470,120.1520,20.1520
SSE50,2022-04-30,-2.3090,-2.0757,117.6580,17.6580
SSE50,2022-05-31,-0.0322,0.2012,117.8946,17.8946
SSE50,2022-06-30,-5.9804,-5.7470,111.1192,11.1192
SSE50,2022-07-31,1.7615,1.9948,113.3358,13.3358
SSE50,2022-08-31,9.9381,10.1714,124.8637,24.8637
SSE50,2022-09-30,11.6760,11.9093,139.7341,39.7341
SSE50,2022-10-31,-5.1331,-4.8997,132.8875,32.8875
SSE50,2022-11-30,-3.6634,-3.4301,128.3293,28.3293
SSE50,2022-12-31,-4.4499,-4.2165,122.9183,22.9183
SSE50,2023-01-31,-3.4448,-3.2115,118.9707,18.9707
SSE50,2023-02-28,-5.4427,-5.2094,112.7731,12.7731
SSE50,2023-03-31,-6.1205,-5.8871,106.1340,6.1340
SSE50,2023-04-30,6.3801,6.6134,113.1531,13.1531
SSE50,2023-05-31,4.6575,4.8908,118.6873,18.6873
SSE50,2023-06-30,5.4491,5.6824,125.4316,25.4316
SSE50,2023-07-31,-3.9094,-3.6761,120.8206,20.8206
SSE50,2023-08-31,-0.3323,-0.0990,120.7010,20.7010
SSE50,2023-09-30,-2.6681,-2.4347,117.7623,17.7623
SSE50,2023-10-31,-12.0000,-11.7667,103.9056,3.9056
SSE50,2023-11-30,-3.2655,-3.0322,100.7550,0.7550
SSE50,2023-12-31,6.3553,6.5886,107.3934,7.3934
SSE50,2024-01-31,1.5914,1.8247,109.3530,9.3530
SSE50,2024-02-29,1.3227,1.5560,111.0546,11.0546
SSE50,2024-03-31,-4.1565,-3.9231,106.6977,6.6977
SSE50,2024-04-30,7.0261,7.2595,114.4434,14.4434
SSE50,2024-05-31,-6.7419,-6.5085,106.9948,6.9948
SSE50,2024-06-30,-4.4927,-4.2594,102.4375,2.4375
SSE50,2024-07-31,3.1219,3.3553,105.8746,5.8746
SSE50,2024-08-31,-0.8644,-0.6310,105.2065,5.2065
SSE50,2024-09-30,2.1610,2.3944,107.7255,7.7255
SSE50,2024-10-31,8.8331,9.0665,117.4924,17.4924
SSE50,2024-11-30,12.0000,12.2333,131.8656,31.8656
SSE50,2024-12-31,1.1209,1.3542,133.6514,33.6514
SSE50,2025-01-31,-1.5380,-1.3046,131.9077,31.9077
SSE50,2025-02-28,-7.8726,-7.6392,121.8310,21.8310
SSE50,2025-03-31,5.0280,5.2614,128.2409,28.2409
SSE50,2025-04-30,-10.5433,-10.3100,115.0193,15.0193
SSE50,2025-05-31,7.2332,7.4665,123.6073,23.6073
SSE50,2025-06-30,4.3747,4.6081,129.3032,29.3032
SSE50,2025-07-31,3.1963,3.4296,133.7377,33.7377
SSE50,2025-08-31,-1.0605,-0.8271,132.6316,32.6316
SSE50,2025-09-30,3.2659,3.4992,137.2726,37.2726
SSE50,2025-10-31,0.5952,0.8286,138.4100,38.4100
SSE50,2025-11-30,-5.3504,-5.1170,131.3275,31.3275
SSE50,2025-12-31,-5.7097,-5.4764,124.1355,24.1355
CHINEXT,2020-12-31,0.0000,0.0000,100.0000,0.0000
CHINEXT,2021-01-31,10.4784,10.5451,110.5451,10.5451
CHINEXT,2021-02-28,3.2836,3.3503,114.2487,14.2487
CHINEXT,2021-03-31,10.6496,10.7163,126.4919,26.4919
CHINEXT,2021-04-30,3.5252,3.5919,131.0353,31.0353
CHINEXT,2021-05-31,-12.0000,-11.9333,115.3984,15.3984
CHINEXT,2021-06-30,-1.5698,-1.5031,113.6639,13.6639
CHINEXT,2021-07-31,2.4844,2.5510,116.5635,16.5635
CHINEXT,2021-08-31,9.5760,9.6427,127.8033,27.8033
CHINEXT,2021-09-30,12.0000,12.0667,143.2249,43.2249
CHINEXT,2021-10-31,-4.1555,-4.0888,137.3687,37.3687
CHINEXT,2021-11-30,4.7780,4.8447,144.0238,44.0238
CHINEXT,2021-12-31,9.0145,9.0812,157.1029,57.1029
CHINEXT,2022-01-31,-2.4239,-2.3572,153.3996,53.3996
CHINEXT,2022-02-28,-1.2263,-1.1597,151.6207,51.6207
CHINEXT,2022-03-31,-8.8450,-8.7783,138.3109,38.3109
CHINEXT,2022-04-30,-12.0000,-11.9333,121.8058,21.8058
CHINEXT,2022-05-31,-7.7988,-7.7321,112.3876,12.3876
CHINEXT,2022-06-30,-3.1110,-3.0444,108.9661,8.9661
CHINEXT,2022-07-31,2.2221,2.2887,111.4601,11.4601
CHINEXT,2022-08-31,-2.8763,-2.8097,108.3284,8.3284
CHINEXT,2022-09-30,-12.0000,-11.9333,95.4012,-4.5988
CHINEXT,2022-10-31,-4.7113,-4.6446,90.9702,-9.0298
CHINEXT,2022-11-30,-10.1255,-10.0588,81.8197,-18.1803
CHINEXT,2022-12-31,5.3758,5.4424,86.2727,-13.7273
CHINEXT,2023-01-31,7.0426,7.1093,92.4061,-7.5939
CHINEXT,2023-02-28,12.0000,12.0667,103.5564,3.5564
CHINEXT,2023-03-31,10.0813,10.1480,114.0653,14.0653
CHINEXT,2023-04-30,-10.6102,-10.5436,102.0388,2.0388
CHINEXT,2023-05-31,-0.1949,-0.1282,101.9080,1.9080
CHINEXT,2023-06-30,-2.1131,-2.0464,99.8225,-0.1775
CHINEXT,2023-07-31,-7.1747,-7.1081,92.7271,-7.2729
CHINEXT,2023-08-31,12.0000,12.0667,103.9161,3.9161
CHINEXT,2023-09-30,-5.9440,-5.8773,97.8086,-2.1914
CHINEXT,2023-10-31,-4.9497,-4.8830,93.0326,-6.9674
CHINEXT,2023-11-30,1.3748,1.4415,94.3737,-5.6263
CHINEXT,2023-12-31,12.0000,12.0667,105.7615,5.7615
CHINEXT,2024-01-31,-9.7541,-9.6874,95.5159,-4.4841
CHINEXT,2024-02-29,1.5246,1.5913,97.0358,-2.9642
CHINEXT,2024-03-31,-9.1468,-9.0802,88.2248,-11.7752
CHINEXT,2024-04-30,-1.7724,-1.7058,86.7199,-13.2801
CHINEXT,2024-05-31,-0.2013,-0.1347,86.6031,-13.3969
CHINEXT,2024-06-30,4.8089,4.8756,90.8255,-9.1745
CHINEXT,2024-07-31,3.7123,3.7789,94.2578,-5.7422
CHINEXT,2024-08-31,2.3597,2.4264,96.5448,-3.4552
CHINEXT,2024-09-30,1.6307,1.6974,98.1836,-1.8164
CHINEXT,2024-10-31,1.1023,1.1690,99.3313,-0.6687
CHINEXT,2024-11-30,8.6417,8.7084,107.9815,7.9815
CHINEXT,2024-12-31,12.0000,12.0667,121.0112,21.0112
CHINEXT,2025-01-31,-12.0000,-11.9333,106.5706,6.5706
CHINEXT,2025-02-28,8.0469,8.1136,115.2173,15.2173
CHINEXT,2025-03-31,3.0695,3.1361,118.8306,18.8306
CHINEXT,2025-04-30,-12.0000,-11.9333,104.6502,4.6502
CHINEXT,2025-05-31,-12.0000,-11.9333,92.1619,-7.8381
CHINEXT,2025-06-30,-7.5689,-7.5022,85.2477,-14.7523
CHINEXT,2025-07-31,1.0860,1.1527,86.2303,-13.7697
CHINEXT,2025-08-31,0.5884,0.6551,86.7952,-13.2048
CHINEXT,2025-09-30,12.0000,12.0667,97.2685,-2.7315
CHINEXT,2025-10-31,-12.0000,-11.9333,85.6611,-14.3389
CHINEXT,2025-11-30,-7.3131,-7.2464,79.4538,-20.5462
CHINEXT,2025-12-31,12.0000,12.0667,89.0412,-10.9588
USP500,2020-12-31,0.0000,0.0000,100.0000,0.0000
USP500,2021-01-31,-2.1657,-2.0490,97.9510,-2.0490
USP500,2021-02-28,11.3516,11.4682,109.1842,9.1842
USP500,2021-03-31,6.5057,6.6224,116.4148,16.4148
USP500,2021-04-30,-8.3135,-8.1968,106.8726,6.8726
USP500,2021-05-31,1.4524,1.5690,108.5494,8.5494
USP500,2021-06-30,0.0754,0.1921,108.7579,8.7579
USP500,2021-07-31,-1.2460,-1.1293,107.5297,7.5297
USP500,2021-08-31,-4.0891,-3.9725,103.2581,3.2581
USP500,2021-09-30,2.0575,2.1742,105.5031,5.5031
USP500,2021-10-31,-4.5018,-4.3851,100.8766,0.8766
USP500,2021-11-30,-1.1315,-1.0149,99.8529,-0.1471
USP500,2021-12-31,2.8807,2.9974,102.8459,2.8459
USP500,2022-01-31,-4.8198,-4.7032,98.0088,-1.9912
USP500,2022-02-28,-0.1190,-0.0023,98.0065,-1.9935
USP500,2022-03-31,2.8601,2.9767,100.9239,0.9239
USP500,2022-04-30,2.9820,3.0987,104.0512,4.0512
USP500,2022-05-31,-4.1770,-4.0603,99.8265,-0.1735
USP500,2022-06-30,-1.9872,-1.8706,97.9591,-2.0409
USP500,2022-07-31,3.2259,3.3425,101.2334,1.2334
USP500,2022-08-31,3.1548,3.2715,104.5453,4.5453
USP500,2022-09-30,-1.0451,-0.9285,103.5746,3.5746
USP500,2022-10-31,-0.7156,-0.5989,102.9543,2.9543
USP500,2022-11-30,-9.5140,-9.3974,93.2793,-6.7207
USP500,2022-12-31,-4.0498,-3.9331,89.6105,-10.3895
USP500,2023-01-31,10.1945,10.3112,98.8504,-1.1496
USP500,2023-02-28,-5.2064,-5.0897,93.8192,-6.1808
USP500,2023-03-31,4.6305,4.7472,98.2730,-1.7270
USP500,2023-04-30,-3.7479,-3.6312,94.7045,-5.2955
USP500,2023-05-31,-1.0245,-0.9078,93.8447,-6.1553
USP500,2023-06-30,2.4918,2.6084,96.2926,-3.7074
USP500,2023-07-31,1.1716,1.2882,97.5331,-2.4669
USP500,2023-08-31,-2.4570,-2.3403,95.2505,-4.7495
USP500,2023-09-30,9.5847,9.7014,104.4911,4.4911
USP500,2023-10-31,0.6884,0.8050,105.3323,5.3323
USP500,2023-11-30,4.9987,5.1153,110.7204,10.7204
USP500,2023-12-31,5.4040,5.5206,116.8329,16.8329
USP500,2024-01-31,-4.1490,-4.0324,112.1217,12.1217
USP500,2024-02-29,7.7705,7.8872,120.9650,20.9650
USP500,2024-03-31,-4.5321,-4.4155,115.6238,15.6238
USP500,2024-04-30,0.3714,0.4880,116.1881,16.1881
USP500,2024-05-31,-4.6864,-4.5698,110.8786,10.8786
USP500,2024-06-30,-1.7094,-1.5927,109.1126,9.1126
USP500,2024-07-31,3.0805,3.1972,112.6011,12.6011
USP500,2024-08-31,-4.1267,-4.0100,108.0858,8.0858
USP500,2024-09-30,11.8588,11.9755,121.0296,21.0296
USP500,2024-10-31,8.8796,8.9962,131.9178,31.9178
USP500,2024-11-30,-1.4511,-1.3345,130.1574,30.1574
USP500,2024-12-31,0.4389,0.5556,130.8805,30.8805
USP500,2025-01-31,-5.1872,-5.0705,124.2442,24.2442
USP500,2025-02-28,8.9540,9.0706,135.5139,35.5139
USP500,2025-03-31,-1.6318,-1.5151,133.4607,33.4607
USP500,2025-04-30,1.3699,1.4866,135.4447,35.4447
USP500,2025-05-31,8.1603,8.2770,146.6554,46.6554
USP500,2025-06-30,3.2924,3.4091,151.6551,51.6551
USP500,2025-07-31,3.8468,3.9634,157.6658,57.6658
USP500,2025-08-31,-3.5486,-3.4320,152.2548,52.2548
USP500,2025-09-30,-2.3911,-2.2745,148.7918,48.7918
USP500,2025-10-31,6.3773,6.4940,158.4543,58.4543
USP500,2025-11-30,2.4212,2.5378,162.4756,62.4756
USP500,2025-12-31,-9.9963,-9.8796,146.4236,46.4236
USN100,2020-12-31,0.0000,0.0000,100.0000,0.0000
USN100,2021-01-31,-12.0000,-11.9333,88.0667,-11.9333
USN100,2021-02-28,-10.3146,-10.2479,79.0417,-20.9583
USN100,2021-03-31,5.7887,5.8553,83.6698,-16.3302
USN100,2021-04-30,12.0000,12.0667,93.7660,-6.2340
USN100,2021-05-31,-2.5404,-2.4737,91.4465,-8.5535
USN100,2021-06-30,2.5415,2.6081,93.8315,-6.1685
USN100,2021-07-31,3.4050,3.4717,97.0890,-2.9110
USN100,2021-08-31,3.1514,3.2181,100.2134,0.2134
USN100,2021-09-30,-9.2424,-9.1757,91.0181,-8.9819
USN100,2021-10-31,-2.3962,-2.3295,88.8978,-11.1022
USN100,2021-11-30,-0.6225,-0.5559,88.4037,-11.5963
USN100,2021-12-31,10.6640,10.7307,97.8900,-2.1100
USN100,2022-01-31,2.4882,2.5549,100.3910,0.3910
USN100,2022-02-28,6.1424,6.2090,106.6243,6.6243
USN100,2022-03-31,0.1181,0.1847,106.8213,6.8213
USN100,2022-04-30,1.3277,1.3943,108.3107,8.3107
USN100,2022-05-31,-12.0000,-11.9333,95.3856,-4.6144
USN100,2022-06-30,0.0581,0.1247,95.5046,-4.4954
USN100,2022-07-31,5.8348,5.9015,101.1408,1.1408
USN100,2022-08-31,-7.9379,-7.8712,93.1798,-6.8202
USN100,2022-09-30,7.3485,7.4151,100.0892,0.0892
USN100,2022-10-31,-1.8795,-1.8128,98.2748,-1.7252
USN100,2022-11-30,4.4166,4.4832,102.6807,2.6807
USN100,2022-12-31,4.2211,4.2878,107.0834,7.0834
USN100,2023-01-31,3.3981,3.4648,110.7936,10.7936
USN100,2023-02-28,7.2611,7.3278,118.9123,18.9123
USN100,2023-03-31,-6.7264,-6.6597,110.9930,10.9930
USN100,2023-04-30,6.0336,6.1003,117.7639,17.7639
USN100,2023-05-31,-1.9208,-1.8542,115.5804,15.5804
USN100,2023-06-30,-4.1370,-4.0704,110.8758,10.8758
USN100,2023-07-31,-0.0003,0.0664,110.9494,10.9494
USN100,2023-08-31,11.5876,11.6543,123.8798,23.8798
USN100,2023-09-30,3.7912,3.8578,128.6589,28.6589
USN100,2023-10-31,7.2992,7.3658,138.1357,38.1357
USN100,2023-11-30,1.1800,1.2466,139.8577,39.8577
USN100,2023-12-31,-0.7167,-0.6500,138.9486,38.9486
USN100,2024-01-31,3.0305,3.0971,143.2520,43.2520
USN100,2024-02-29,8.2068,8.2735,155.1039,55.1039
USN100,2024-03-31,9.9373,10.0039,170.6204,70.6204
USN100,2024-04-30,-7.1326,-7.0659,158.5645,58.5645
USN100,2024-05-31,4.1514,4.2181,165.2529,65.2529
USN100,2024-06-30,2.5975,2.6642,169.6555,69.6555
USN100,2024-07-31,2.6433,2.7099,174.2530,74.2530
USN100,2024-08-31,0.1869,0.2536,174.6950,74.6950
USN100,2024-09-30,-0.4343,-0.3676,174.0527,74.0527
USN100,2024-10-31,3.7103,3.7770,180.6267,80.6267
USN100,2024-11-30,8.7489,8.8156,196.5500,96.5500
USN100,2024-12-31,-0.9266,-0.8600,194.8598,94.8598
USN100,2025-01-31,4.4663,4.5330,203.6928,103.6928
USN100,2025-02-28,-7.1600,-7.0933,189.2443,89.2443
USN100,2025-03-31,4.4798,4.5465,197.8482,97.8482
USN100,2025-04-30,4.0398,4.1064,205.9727,105.9727
USN100,2025-05-31,-4.1436,-4.0770,197.5752,97.5752
USN100,2025-06-30,10.5579,10.6246,218.5667,118.5667
USN100,2025-07-31,3.5915,3.6582,226.5623,126.5623
USN100,2025-08-31,7.0373,7.1039,242.6571,142.6571
USN100,2025-09-30,-5.1804,-5.1138,230.2482,130.2482
USN100,2025-10-31,-8.1579,-8.0912,211.6184,111.6184
USN100,2025-11-30,4.7174,4.7840,221.7422,121.7422
USN100,2025-12-31,-5.0113,-4.9446,210.7779,110.7779
USDJIA,2020-12-31,0.0000,0.0000,100.0000,0.0000
USDJIA,2021-01-31,-0.1462,0.0121,100.0121,0.0121
USDJIA,2021-02-28,-1.3323,-1.1740,98.8380,-1.1620
USDJIA,2021-03-31,0.8757,1.0341,99.8600,-0.1400
USDJIA,2021-04-30,2.2289,2.3872,102.2439,2.2439
USDJIA,2021-05-31,0.2324,0.3907,102.6434,2.6434
USDJIA,2021-06-30,7.4808,7.6391,110.4844,10.4844
USDJIA,2021-07-31,4.2609,4.4193,115.3670,15.3670
USDJIA,2021-08-31,0.6592,0.8176,116.3102,16.3102
USDJIA,2021-09-30,3.7603,3.9186,120.8680,20.8680
USDJIA,2021-10-31,0.9656,1.1239,122.2265,22.2265
USDJIA,2021-11-30,-2.6743,-2.5160,119.1513,19.1513
USDJIA,2021-12-31,1.4786,1.6369,121.1016,21.1016
USDJIA,2022-01-31,-2.2603,-2.1020,118.5561,18.5561
USDJIA,2022-02-28,-3.8801,-3.7217,114.1438,14.1438
USDJIA,2022-03-31,-0.1363,0.0220,114.1689,14.1689
USDJIA,2022-04-30,4.8167,4.9751,119.8489,19.8489
USDJIA,2022-05-31,-1.4428,-1.2845,118.3094,18.3094
USDJIA,2022-06-30,-1.8374,-1.6791,116.3229,16.3229
USDJIA,2022-07-31,3.5839,3.7423,120.6760,20.6760
USDJIA,2022-08-31,-3.5908,-3.4325,116.5338,16.5338
USDJIA,2022-09-30,-4.1322,-3.9739,111.9029,11.9029
USDJIA,2022-10-31,-1.0454,-0.8871,110.9102,10.9102
USDJIA,2022-11-30,0.0301,0.1884,111.1192,11.1192
USDJIA,2022-12-31,0.0958,0.2541,111.4016,11.4016
USDJIA,2023-01-31,-1.9686,-1.8103,109.3849,9.3849
USDJIA,2023-02-28,2.1362,2.2945,111.8948,11.8948
USDJIA,2023-03-31,-3.7762,-3.6179,107.8466,7.8466
USDJIA,2023-04-30,2.9283,3.0866,111.1754,11.1754
USDJIA,2023-05-31,-0.7515,-0.5931,110.5160,10.5160
USDJIA,2023-06-30,-3.9797,-3.8214,106.2928,6.2928
USDJIA,2023-07-31,2.6975,2.8558,109.3283,9.3283
USDJIA,2023-08-31,-2.1100,-1.9516,107.1946,7.1946
USDJIA,2023-09-30,0.6608,0.8191,108.0726,8.0726
USDJIA,2023-10-31,5.5920,5.7504,114.2872,14.2872
USDJIA,2023-11-30,5.0862,5.2445,120.2811,20.2811
USDJIA,2023-12-31,-0.7767,-0.6183,119.5373,19.5373
USDJIA,2024-01-31,4.1032,4.2616,124.6315,24.6315
USDJIA,2024-02-29,0.1777,0.3360,125.0503,25.0503
USDJIA,2024-03-31,3.5202,3.6785,129.6503,29.6503
USDJIA,2024-04-30,0.7955,0.9538,130.8869,30.8869
USDJIA,2024-05-31,-2.8766,-2.7182,127.3291,27.3291
USDJIA,2024-06-30,-1.0567,-0.8984,126.1852,26.1852
USDJIA,2024-07-31,2.0054,2.1637,128.9155,28.9155
USDJIA,2024-08-31,4.3221,4.4804,134.6915,34.6915
USDJIA,2024-09-30,-3.4435,-3.2851,130.2667,30.2667
USDJIA,2024-10-31,0.0263,0.1846,130.5072,30.5072
USDJIA,2024-11-30,-2.8983,-2.7400,126.9313,26.9313
USDJIA,2024-12-31,9.0219,9.1802,138.5839,38.5839
USDJIA,2025-01-31,0.3350,0.4933,139.2676,39.2676
USDJIA,2025-02-28,1.7356,1.8940,141.9053,41.9053
USDJIA,2025-03-31,-1.7796,-1.6213,139.6045,39.6045
USDJIA,2025-04-30,0.4190,0.5774,140.4106,40.4106
USDJIA,2025-05-31,4.0234,4.1818,146.2822,46.2822
USDJIA,2025-06-30,3.6397,3.7980,151.8380,51.8380
USDJIA,2025-07-31,-2.7703,-2.6120,147.8720,47.8720
USDJIA,2025-08-31,-8.6096,-8.4513,135.3749,35.3749
USDJIA,2025-09-30,-5.3031,-5.1448,128.4102,28.4102
USDJIA,2025-10-31,3.2308,3.3892,132.7622,32.7622
USDJIA,2025-11-30,0.0934,0.2517,133.0964,33.0964
USDJIA,2025-12-31,4.4588,4.6171,139.2416,39.2416
USR2000,2020-12-31,0.0000,0.0000,100.0000,0.0000
USR2000,2021-01-31,4.1947,4.3030,104.3030,4.3030
USR2000,2021-02-28,-1.7327,-1.6243,102.6088,2.6088
USR2000,2021-03-31,4.3569,4.4653,107.1905,7.1905
USR2000,2021-04-30,5.9163,6.0247,113.6484,13.6484
USR2000,2021-05-31,-5.0404,-4.9320,108.0432,8.0432
USR2000,2021-06-30,-4.7941,-4.6858,102.9805,2.9805
USR2000,2021-07-31,-12.0000,-11.8917,90.7344,-9.2656
USR2000,2021-08-31,6.7873,6.8956,96.9911,-3.0089
USR2000,2021-09-30,-2.5491,-2.4408,94.6237,-5.3763
USR2000,2021-10-31,10.8525,10.9609,104.9953,4.9953
USR2000,2021-11-30,-3.5705,-3.4622,101.3602,1.3602
USR2000,2021-12-31,7.8841,7.9924,109.4613,9.4613
USR2000,2022-01-31,-1.9696,-1.8613,107.4239,7.4239
USR2000,2022-02-28,9.0023,9.1106,117.2109,17.2109
USR2000,2022-03-31,-4.0937,-3.9854,112.5395,12.5395
USR2000,2022-04-30,3.4327,3.5410,116.5246,16.5246
USR2000,2022-05-31,-9.8768,-9.7685,105.1419,5.1419
USR2000,2022-06-30,-6.7457,-6.6373,98.1633,-1.8367
USR2000,2022-07-31,-8.7129,-8.6046,89.7168,-10.2832
USR2000,2022-08-31,0.2732,0.3815,90.0591,-9.9409
USR2000,2022-09-30,-2.3327,-2.2244,88.0558,-11.9442
USR2000,2022-10-31,2.4706,2.5789,90.3267,-9.6733
USR2000,2022-11-30,7.8592,7.9675,97.5235,-2.4765
USR2000,2022-12-31,2.6393,2.7476,100.2030,0.2030
USR2000,2023-01-31,-3.7721,-3.6638,96.5318,-3.4682
USR2000,2023-02-28,10.1147,10.2230,106.4003,6.4003
USR2000,2023-03-31,-7.0643,-6.9560,98.9991,-1.0009
USR2000,2023-04-30,-1.6692,-1.5609,97.4538,-2.5462
USR2000,2023-05-31,3.6841,3.7924,101.1497,1.1497
USR2000,2023-06-30,0.8160,0.9243,102.0846,2.0846
USR2000,2023-07-31,6.8004,6.9088,109.1373,9.1373
USR2000,2023-08-31,4.0493,4.1576,113.6749,13.6749
USR2000,2023-09-30,8.9758,9.0841,124.0013,24.0013
USR2000,2023-10-31,-0.2790,-0.1707,123.7896,23.7896
USR2000,2023-11-30,-3.2849,-3.1765,119.8574,19.8574
USR2000,2023-12-31,6.0843,6.1926,127.2797,27.2797
USR2000,2024-01-31,-8.4593,-8.3510,116.6506,16.6506
USR2000,2024-02-29,-2.2882,-2.1798,114.1078,14.1078
USR2000,2024-03-31,5.2852,5.3935,120.2622,20.2622
USR2000,2024-04-30,-1.4482,-1.3399,118.6509,18.6509
USR2000,2024-05-31,-7.6856,-7.5773,109.6604,9.6604
USR2000,2024-06-30,-12.0000,-11.8917,96.6199,-3.3801
USR2000,2024-07-31,12.0000,12.1083,108.3190,8.3190
USR2000,2024-08-31,-4.4760,-4.3677,103.5879,3.5879
USR2000,2024-09-30,0.3151,0.4234,104.0266,4.0266
USR2000,2024-10-31,-0.2511,-0.1428,103.8780,3.8780
USR2000,2024-11-30,-8.2485,-8.1402,95.4221,-4.5779
USR2000,2024-12-31,10.3321,10.4404,105.3846,5.3846
USR2000,2025-01-31,-3.7285,-3.6202,101.5695,1.5695
USR2000,2025-02-28,-0.3231,-0.2147,101.3514,1.3514
USR2000,2025-03-31,5.3598,5.4681,106.8934,6.8934
USR2000,2025-04-30,-12.0000,-11.8917,94.1820,-5.8180
USR2000,2025-05-31,2.8295,2.9378,96.9489,-3.0511
USR2000,2025-06-30,-4.7307,-4.6224,92.4676,-7.5324
USR2000,2025-07-31,1.8907,1.9990,94.3160,-5.6840
USR2000,2025-08-31,0.7589,0.8672,95.1340,-4.8660
USR2000,2025-09-30,-1.0339,-0.9255,94.2535,-5.7465
USR2000,2025-10-31,-1.7722,-1.6639,92.6852,-7.3148
USR2000,2025-11-30,-6.2745,-6.1662,86.9700,-13.0300
USR2000,2025-12-31,-3.6696,-3.5612,83.8728,-16.1272
WORLD,2020-12-31,0.0000,0.0000,100.0000,0.0000
WORLD,2021-01-31,-5.8705,-5.7289,94.2711,-5.7289
WORLD,2021-02-28,-5.2568,-5.1152,89.4490,-10.5510
WORLD,2021-03-31,3.0718,3.2135,92.3234,-7.6766
WORLD,2021-04-30,0.4359,0.5775,92.8566,-7.1434
WORLD,2021-05-31,-0.0164,0.1253,92.9730,-7.0270
WORLD,2021-06-30,2.2782,2.4199,95.2229,-4.7771
WORLD,2021-07-31,-5.4115,-5.2699,90.2047,-9.7953
WORLD,2021-08-31,-1.0997,-0.9580,89.3405,-10.6595
WORLD,2021-09-30,-2.0989,-1.9572,87.5920,-12.4080
WORLD,2021-10-31,2.8677,3.0093,90.2279,-9.7721
WORLD,2021-11-30,0.8089,0.9506,91.0856,-8.9144
WORLD,2021-12-31,-7.5283,-7.3866,84.3574,-15.6426
WORLD,2022-01-31,2.6019,2.7435,86.6718,-13.3282
WORLD,2022-02-28,6.5900,6.7317,92.5062,-7.4938
WORLD,2022-03-31,-2.7893,-2.6476,90.0570,-9.9430
WORLD,2022-04-30,-4.6694,-4.5277,85.9795,-14.0205
WORLD,2022-05-31,-6.3411,-6.1995,80.6492,-19.3508
WORLD,2022-06-30,0.1761,0.3177,80.9055,-19.0945
WORLD,2022-07-31,-3.8584,-3.7167,77.8984,-22.1016
WORLD,2022-08-31,-8.5176,-8.3759,71.3737,-28.6263
WORLD,2022-09-30,4.2102,4.3519,74.4798,-25.5202
WORLD,2022-10-31,4.3278,4.4695,77.8087,-22.1913
WORLD,2022-11-30,-7.3712,-7.2295,72.1835,-27.8165
WORLD,2022-12-31,1.6577,1.7994,73.4823,-26.5177
WORLD,2023-01-31,-0.5440,-0.4024,73.1866,-26.8134
WORLD,2023-02-28,-1.1983,-1.0566,72.4133,-27.5867
WORLD,2023-03-31,-4.3694,-4.2278,69.3519,-30.6481
WORLD,2023-04-30,-2.1244,-1.9827,67.9768,-32.0232
WORLD,2023-05-31,5.7837,5.9253,72.0046,-27.9954
WORLD,2023-06-30,7.9441,8.0857,77.8267,-22.1733
WORLD,2023-07-31,0.3027,0.4444,78.1726,-21.8274
WORLD,2023-08-31,4.6133,4.7550,81.8897,-18.1103
WORLD,2023-09-30,2.2574,2.3991,83.8543,-16.1457
WORLD,2023-10-31,0.0692,0.2109,84.0311,-15.9689
WORLD,2023-11-30,5.4956,5.6373,88.7682,-11.2318
WORLD,2023-12-31,-0.7844,-0.6428,88.1976,-11.8024
WORLD,2024-01-31,2.3819,2.5236,90.4234,-9.5766
WORLD,2024-02-29,7.2294,7.3711,97.0885,-2.9115
WORLD,2024-03-31,-0.2783,-0.1367,96.9558,-3.0442
WORLD,2024-04-30,3.3873,3.5289,100.3774,0.3774
WORLD,2024-05-31,-1.1125,-0.9708,99.4029,-0.5971
WORLD,2024-06-30,3.6317,3.7734,103.1538,3.1538
WORLD,2024-07-31,1.1758,1.3175,104.5128,4.5128
WORLD,2024-08-31,-2.9148,-2.7731,101.6145,1.6145
WORLD,2024-09-30,5.4361,5.5778,107.2824,7.2824
WORLD,2024-10-31,5.0715,5.2132,112.8752,12.8752
WORLD,2024-11-30,5.0501,5.1917,118.7354,18.7354
WORLD,2024-12-31,-2.7598,-2.6181,115.6267,15.6267
WORLD,2025-01-31,1.0717,1.2134,117.0297,17.0297
WORLD,2025-02-28,-5.3304,-5.1887,110.9574,10.9574
WORLD,2025-03-31,-6.5472,-6.4055,103.8500,3.8500
WORLD,2025-04-30,-1.7130,-1.5714,102.2182,2.2182
WORLD,2025-05-31,-3.2165,-3.0749,99.0751,-0.9249
WORLD,2025-06-30,-0.9850,-0.8433,98.2396,-1.7604
WORLD,2025-07-31,-1.9659,-1.8242,96.4475,-3.5525
WORLD,2025-08-31,1.3154,1.4571,97.8528,-2.1472
WORLD,2025-09-30,4.0597,4.2014,101.9639,1.9639
WORLD,2025-10-31,4.0864,4.2280,106.2750,6.2750
WORLD,2025-11-30,1.9002,2.0418,108.4449,8.4449
WORLD,2025-12-31,0.9480,1.0896,109.6266,9.6266
EMERGE,2020-12-31,0.0000,0.0000,100.0000,0.0000
EMERGE,2021-01-31,0.1451,0.3201,100.3201,0.3201
EMERGE,2021-02-28,0.6645,0.8395,101.1622,1.1622
EMERGE,2021-03-31,4.5734,4.7484,105.9658,5.9658
EMERGE,2021-04-30,-5.1134,-4.9384,100.7328,0.7328
EMERGE,2021-05-31,-3.4317,-3.2567,97.4522,-2.5478
EMERGE,2021-06-30,10.7092,10.8842,108.0591,8.0591
EMERGE,2021-07-31,-9.7353,-9.5603,97.7283,-2.2717
EMERGE,2021-08-31,-3.9679,-3.7929,94.0216,-5.9784
EMERGE,2021-09-30,1.1396,1.3146,95.2575,-4.7425
EMERGE,2021-10-31,-1.6622,-1.4872,93.8409,-6.1591
EMERGE,2021-11-30,5.0058,5.1808,98.7026,-1.2974
EMERGE,2021-12-31,1.7560,1.9310,100.6086,0.6086
EMERGE,2022-01-31,-1.0902,-0.9152,99.6878,-0.3122
EMERGE,2022-02-28,-4.4042,-4.2292,95.4718,-4.5282
EMERGE,2022-03-31,-5.9789,-5.8039,89.9307,-10.0693
EMERGE,2022-04-30,1.4980,1.6730,91.4352,-8.5648
EMERGE,2022-05-31,-4.9911,-4.8161,87.0316,-12.9684
EMERGE,2022-06-30,-7.7185,-7.5435,80.4664,-19.5336
EMERGE,2022-07-31,7.7820,7.9570,86.8691,-13.1309
EMERGE,2022-08-31,5.5762,5.7512,91.8652,-8.1348
EMERGE,2022-09-30,-9.4219,-9.2469,83.3705,-16.6295
EMERGE,2022-10-31,1.8921,2.0671,85.0938,-14.9062
EMERGE,2022-11-30,-10.7873,-10.6123,76.0634,-23.9366
EMERGE,2022-12-31,-5.0516,-4.8766,72.3542,-27.6458
EMERGE,2023-01-31,-0.0302,0.1448,72.4589,-27.5411
EMERGE,2023-02-28,4.7644,4.9394,76.0380,-23.9620
EMERGE,2023-03-31,5.5428,5.7178,80.3857,-19.6143
EMERGE,2023-04-30,-9.4734,-9.2984,72.9111,-27.0889
EMERGE,2023-05-31,7.2855,7.4605,78.3506,-21.6494
EMERGE,2023-06-30,-1.4731,-1.2981,77.3335,-22.6665
EMERGE,2023-07-31,3.2567,3.4317,79.9874,-20.0126
EMERGE,2023-08-31,5.0978,5.2728,84.2050,-15.7950
EMERGE,2023-09-30,3.8922,4.0672,87.6298,-12.3702
EMERGE,2023-10-31,-7.8910,-7.7160,80.8683,-19.1317
EMERGE,2023-11-30,1.9437,2.1187,82.5816,-17.4184
EMERGE,2023-12-31,-6.7015,-6.5265,77.1919,-22.8081
EMERGE,2024-01-31,9.9385,10.1135,84.9987,-15.0013
EMERGE,2024-02-29,-12.0000,-11.8250,74.9476,-25.0524
EMERGE,2024-03-31,8.1081,8.2831,81.1555,-18.8445
EMERGE,2024-04-30,4.5630,4.7380,85.0007,-14.9993
EMERGE,2024-05-31,5.6013,5.7763,89.9106,-10.0894
EMERGE,2024-06-30,5.7640,5.9390,95.2504,-4.7496
EMERGE,2024-07-31,-3.3004,-3.1254,92.2734,-7.7266
EMERGE,2024-08-31,-4.1409,-3.9659,88.6139,-11.3861
EMERGE,2024-09-30,-7.1084,-6.9334,82.4699,-17.5301
EMERGE,2024-10-31,-0.2989,-0.1239,82.3677,-17.6323
EMERGE,2024-11-30,-4.4046,-4.2296,78.8838,-21.1162
EMERGE,2024-12-31,3.7362,3.9112,81.9692,-18.0308
EMERGE,2025-01-31,-6.1321,-5.9571,77.0861,-22.9139
EMERGE,2025-02-28,12.0000,12.1750,86.4714,-13.5286
EMERGE,2025-03-31,-6.1452,-5.9702,81.3088,-18.6912
EMERGE,2025-04-30,2.8736,3.0486,83.7876,-16.2124
EMERGE,2025-05-31,0.0762,0.2512,83.9981,-16.0019
EMERGE,2025-06-30,3.0240,3.1990,86.6852,-13.3148
EMERGE,2025-07-31,2.5392,2.7142,89.0380,-10.9620
EMERGE,2025-08-31,-6.6468,-6.4718,83.2756,-16.7244
EMERGE,2025-09-30,7.9627,8.1377,90.0524,-9.9476
EMERGE,2025-10-31,0.5703,0.7453,90.7236,-9.2764
EMERGE,2025-11-30,-4.8246,-4.6496,86.5053,-13.4947
EMERGE,2025-12-31,-3.1514,-2.9764,83.9305,-16.0695
ALLWORLD,2020-12-31,0.0000,0.0000,100.0000,0.0000
ALLWORLD,2021-01-31,-1.1736,-1.0236,98.9764,-1.0236
ALLWORLD,2021-02-28,6.3202,6.4702,105.3804,5.3804
ALLWORLD,2021-03-31,1.9717,2.1217,107.6162,7.6162
ALLWORLD,2021-04-30,0.0920,0.2420,107.8766,7.8766
ALLWORLD,2021-05-31,5.2241,5.3741,113.6740,13.6740
ALLWORLD,2021-06-30,3.5218,3.6718,117.8479,17.8479
ALLWORLD,2021-07-31,0.3340,0.4840,118.4183,18.4183
ALLWORLD,2021-08-31,2.8037,2.9537,121.9161,21.9161
ALLWORLD,2021-09-30,1.0852,1.2352,123.4220,23.4220
ALLWORLD,2021-10-31,8.4363,8.5863,134.0194,34.0194
ALLWORLD,2021-11-30,0.0516,0.2016,134.2895,34.2895
ALLWORLD,2021-12-31,1.5868,1.7368,136.6219,36.6219
ALLWORLD,2022-01-31,-6.9233,-6.7733,127.3680,27.3680
ALLWORLD,2022-02-28,0.9879,1.1379,128.8173,28.8173
ALLWORLD,2022-03-31,1.6165,1.7665,131.0929,31.0929
ALLWORLD,2022-04-30,5.7461,5.8961,138.8222,38.8222
ALLWORLD,2022-05-31,-7.1430,-6.9930,129.1144,29.1144
ALLWORLD,2022-06-30,-2.7152,-2.5652,125.8025,25.8025
ALLWORLD,2022-07-31,-0.7009,-0.5509,125.1095,25.1095
ALLWORLD,2022-08-31,-2.8847,-2.7347,121.6880,21.6880
ALLWORLD,2022-09-30,0.7293,0.8793,122.7581,22.7581
ALLWORLD,2022-10-31,-3.8599,-3.7099,118.2039,18.2039
ALLWORLD,2022-11-30,2.2844,2.4344,121.0815,21.0815
ALLWORLD,2022-12-31,-3.3559,-3.2059,117.1998,17.1998
ALLWORLD,2023-01-31,5.8018,5.9518,124.1753,24.1753
ALLWORLD,2023-02-28,3.2462,3.3962,128.3926,28.3926
ALLWORLD,2023-03-31,-2.3895,-2.2395,125.5172,25.5172
ALLWORLD,2023-04-30,1.8918,2.0418,128.0801,28.0801
ALLWORLD,2023-05-31,-5.0279,-4.8779,121.8324,21.8324
ALLWORLD,2023-06-30,9.1529,9.3029,133.1664,33.1664
ALLWORLD,2023-07-31,4.2798,4.4298,139.0654,39.0654
ALLWORLD,2023-08-31,-4.2884,-4.1384,133.3103,33.3103
ALLWORLD,2023-09-30,1.7222,1.8722,135.8060,35.8060
ALLWORLD,2023-10-31,-4.7186,-4.5686,129.6016,29.6016
ALLWORLD,2023-11-30,-5.8983,-5.7483,122.1517,22.1517
ALLWORLD,2023-12-31,0.5415,0.6915,122.9964,22.9964
ALLWORLD,2024-01-31,-3.5488,-3.3988,118.8159,18.8159
ALLWORLD,2024-02-29,4.6515,4.8015,124.5208,24.5208
ALLWORLD,2024-03-31,-2.6254,-2.4754,121.4385,21.4385
ALLWORLD,2024-04-30,1.4145,1.5645,123.3384,23.3384
ALLWORLD,2024-05-31,5.5909,5.7409,130.4192,30.4192
ALLWORLD,2024-06-30,-2.6207,-2.4707,127.1969,27.1969
ALLWORLD,2024-07-31,7.8814,8.0314,137.4126,37.4126
ALLWORLD,2024-08-31,-9.8986,-9.7486,124.0169,24.0169
ALLWORLD,2024-09-30,4.6420,4.7920,129.9597,29.9597
ALLWORLD,2024-10-31,-6.1498,-5.9998,122.1624,22.1624
ALLWORLD,2024-11-30,9.4045,9.5545,133.8345,33.8345
ALLWORLD,2024-12-31,1.8734,2.0234,136.5424,36.5424
ALLWORLD,2025-01-31,-3.9817,-3.8317,131.3106,31.3106
ALLWORLD,2025-02-28,4.4865,4.6365,137.3988,37.3988
ALLWORLD,2025-03-31,4.8167,4.9667,144.2229,44.2229
ALLWORLD,2025-04-30,3.7930,3.9430,149.9097,49.9097
ALLWORLD,2025-05-31,4.0304,4.1804,156.1766,56.1766
ALLWORLD,2025-06-30,2.4236,2.5736,160.1959,60.1959
ALLWORLD,2025-07-31,-1.9629,-1.8129,157.2917,57.2917
ALLWORLD,2025-08-31,6.2919,6.4419,167.4242,67.4242
ALLWORLD,2025-09-30,-0.2098,-0.0598,167.3241,67.3241
ALLWORLD,2025-10-31,3.0499,3.1999,172.6783,72.6783
ALLWORLD,2025-11-30,-4.5951,-4.4451,165.0026,65.0026
ALLWORLD,2025-12-31,3.4951,3.6451,171.0171,71.0171
JPN225,2020-12-31,0.0000,0.0000,100.0000,0.0000
JPN225,2021-01-31,7.3251,7.4584,107.4584,7.4584
JPN225,2021-02-28,4.9022,5.0356,112.8696,12.8696
JPN225,2021-03-31,6.7677,6.9010,120.6587,20.6587
JPN225,2021-04-30,0.6374,0.7707,121.5886,21.5886
JPN225,2021-05-31,-10.3111,-10.1778,109.2136,9.2136
JPN225,2021-06-30,0.7568,0.8901,110.1858,10.1858
JPN225,2021-07-31,1.1963,1.3296,111.6508,11.6508
JPN225,2021-08-31,3.5575,3.6909,115.7717,15.7717
JPN225,2021-09-30,9.0642,9.1975,126.4198,26.4198
JPN225,2021-10-31,0.6739,0.8072,127.4402,27.4402
JPN225,2021-11-30,1.9371,2.0705,130.0788,30.0788
JPN225,2021-12-31,-5.2689,-5.1356,123.3985,23.3985
JPN225,2022-01-31,-4.4579,-4.3246,118.0621,18.0621
JPN225,2022-02-28,7.0550,7.1884,126.5488,26.5488
JPN225,2022-03-31,3.9460,4.0794,131.7112,31.7112
JPN225,2022-04-30,-0.2820,-0.1487,131.5154,31.5154
JPN225,2022-05-31,2.2743,2.4076,134.6817,34.6817
JPN225,2022-06-30,1.6188,1.7521,137.0415,37.0415
JPN225,2022-07-31,-1.0277,-0.8944,135.8159,35.8159
JPN225,2022-08-31,-0.3086,-0.1753,135.5778,35.5778
JPN225,2022-09-30,6.1095,6.2428,144.0417,44.0417
JPN225,2022-10-31,5.6206,5.7539,152.3298,52.3298
JPN225,2022-11-30,-9.5366,-9.4033,138.0058,38.0058
JPN225,2022-12-31,-1.8507,-1.7174,135.6357,35.6357
JPN225,2023-01-31,2.3706,2.5039,139.0319,39.0319
JPN225,2023-02-28,-4.5506,-4.4173,132.8905,32.8905
JPN225,2023-03-31,0.5562,0.6895,133.8068,33.8068
JPN225,2023-04-30,-3.9398,-3.8064,128.7135,28.7135
JPN225,2023-05-31,-0.4593,-0.3260,128.2939,28.2939
JPN225,2023-06-30,1.8251,1.9584,130.8064,30.8064
JPN225,2023-07-31,4.7037,4.8370,137.1335,37.1335
JPN225,2023-08-31,1.9465,2.0798,139.9857,39.9857
JPN225,2023-09-30,2.8602,2.9935,144.1762,44.1762
JPN225,2023-10-31,1.9202,2.0535,147.1369,47.1369
JPN225,2023-11-30,-2.0329,-1.8996,144.3419,44.3419
JPN225,2023-12-31,4.3002,4.4335,150.7414,50.7414
JPN225,2024-01-31,8.2231,8.3565,163.3380,63.3380
JPN225,2024-02-29,3.4703,3.6036,169.2241,69.2241
JPN225,2024-03-31,-2.0969,-1.9635,165.9013,65.9013
JPN225,2024-04-30,2.4668,2.6001,170.2150,70.2150
JPN225,2024-05-31,-4.9095,-4.7762,162.0852,62.0852
JPN225,2024-06-30,1.4703,1.6036,164.6845,64.6845
JPN225,2024-07-31,0.1314,0.2647,165.1205,65.1205
JPN225,2024-08-31,7.2063,7.3396,177.2397,77.2397
JPN225,2024-09-30,2.9434,3.0768,182.6929,82.6929
JPN225,2024-10-31,-2.0568,-1.9234,179.1789,79.1789
JPN225,2024-11-30,8.5020,8.6353,194.6516,94.6516
JPN225,2024-12-31,3.0466,3.1800,200.8415,100.8415
JPN225,2025-01-31,-1.6257,-1.4923,197.8442,97.8442
JPN225,2025-02-28,-2.4965,-2.3631,193.1689,93.1689
JPN225,2025-03-31,1.0042,1.1375,195.3663,95.3663
JPN225,2025-04-30,3.2197,3.3530,201.9169,101.9169
JPN225,2025-05-31,7.5314,7.6647,217.3933,117.3933
JPN225,2025-06-30,5.9285,6.0618,230.5712,130.5712
JPN225,2025-07-31,5.6026,5.7360,243.7968,143.7968
JPN225,2025-08-31,-0.7474,-0.6141,242.2996,142.2996
JPN225,2025-09-30,12.0000,12.1333,271.6986,171.6986
JPN225,2025-10-31,-9.6983,-9.5650,245.7107,145.7107
JPN225,2025-11-30,-0.7330,-0.5997,244.2373,144.2373
JPN225,2025-12-31,-2.1189,-1.9856,239.3877,139.3877
JPTOPIX,2020-12-31,0.0000,0.0000,100.0000,0.0000
JPTOPIX,2021-01-31,3.3020,3.4686,103.4686,3.4686
JPTOPIX,2021-02-28,7.0501,7.2168,110.9357,10.9357
JPTOPIX,2021-03-31,6.0073,6.1739,117.7848,17.7848
JPTOPIX,2021-04-30,-3.0445,-2.8779,114.3951,14.3951
JPTOPIX,2021-05-31,5.3188,5.4854,120.6702,20.6702
JPTOPIX,2021-06-30,-2.5913,-2.4246,117.7444,17.7444
JPTOPIX,2021-07-31,-4.7392,-4.5725,112.3606,12.3606
JPTOPIX,2021-08-31,-2.2840,-2.1173,109.9815,9.9815
JPTOPIX,2021-09-30,2.0148,2.1815,112.3807,12.3807
JPTOPIX,2021-10-31,-0.8665,-0.6998,111.5943,11.5943
JPTOPIX,2021-11-30,3.9595,4.1261,116.1988,16.1988
JPTOPIX,2021-12-31,5.4755,5.6422,122.7549,22.7549
JPTOPIX,2022-01-31,-2.0975,-1.9309,120.3847,20.3847
JPTOPIX,2022-02-28,3.6277,3.7944,124.9525,24.9525
JPTOPIX,2022-03-31,1.6726,1.8393,127.2507,27.2507
JPTOPIX,2022-04-30,-5.5778,-5.4111,120.3651,20.3651
JPTOPIX,2022-05-31,4.7734,4.9400,126.3112,26.3112
JPTOPIX,2022-06-30,-0.7144,-0.5477,125.6193,25.6193
JPTOPIX,2022-07-31,3.5670,3.7337,130.3096,30.3096
JPTOPIX,2022-08-31,-1.7486,-1.5820,128.2481,28.2481
JPTOPIX,2022-09-30,4.4222,4.5889,134.1332,34.1332
JPTOPIX,2022-10-31,-8.6963,-8.5296,122.6922,22.6922
JPTOPIX,2022-11-30,-2.4458,-2.2792,119.8958,19.8958
JPTOPIX,2022-12-31,-2.8071,-2.6404,116.7301,16.7301
JPTOPIX,2023-01-31,0.2466,0.4133,117.2125,17.2125
JPTOPIX,2023-02-28,-0.5877,-0.4210,116.7190,16.7190
JPTOPIX,2023-03-31,0.1711,0.3378,117.1133,17.1133
JPTOPIX,2023-04-30,12.0000,12.1667,131.3621,31.3621
JPTOPIX,2023-05-31,7.3205,7.4872,141.1974,41.1974
JPTOPIX,2023-06-30,-1.5899,-1.4232,139.1878,39.1878
JPTOPIX,2023-07-31,0.8230,0.9897,140.5653,40.5653
JPTOPIX,2023-08-31,5.9834,6.1501,149.2103,49.2103
JPTOPIX,2023-09-30,5.3480,5.5147,157.4387,57.4387
JPTOPIX,2023-10-31,0.4579,0.6246,158.4220,58.4220
JPTOPIX,2023-11-30,0.9967,1.1633,160.2650,60.2650
JPTOPIX,2023-12-31,-3.7625,-3.5959,154.5021,54.5021
JPTOPIX,2024-01-31,-4.7672,-4.6006,147.3941,47.3941
JPTOPIX,2024-02-29,-0.0706,0.0961,147.5357,47.5357
JPTOPIX,2024-03-31,-3.2006,-3.0339,143.0596,43.0596
JPTOPIX,2024-04-30,3.4899,3.6565,148.2906,48.2906
JPTOPIX,2024-05-31,-2.2053,-2.0387,145.2675,45.2675
JPTOPIX,2024-06-30,-0.4415,-0.2748,144.8683,44.8683
JPTOPIX,2024-07-31,1.5032,1.6699,147.2875,47.2875
JPTOPIX,2024-08-31,-6.5260,-6.3594,137.9209,37.9209
JPTOPIX,2024-09-30,-6.9524,-6.7858,128.5619,28.5619
JPTOPIX,2024-10-31,2.7896,2.9562,132.3625,32.3625
JPTOPIX,2024-11-30,-2.9307,-2.7640,128.7040,28.7040
JPTOPIX,2024-12-31,1.6670,1.8336,131.0640,31.0640
JPTOPIX,2025-01-31,-3.5673,-3.4006,126.6070,26.6070
JPTOPIX,2025-02-28,-1.5672,-1.4005,124.8338,24.8338
JPTOPIX,2025-03-31,-0.9283,-0.7617,123.8830,23.8830
JPTOPIX,2025-04-30,-5.8401,-5.6734,116.8546,16.8546
JPTOPIX,2025-05-31,2.6170,2.7837,120.1074,20.1074
JPTOPIX,2025-06-30,5.5023,5.6690,126.9163,26.9163
JPTOPIX,2025-07-31,11.1510,11.3177,141.2803,41.2803
JPTOPIX,2025-08-31,-0.5202,-0.3536,140.7808,40.7808
JPTOPIX,2025-09-30,-2.6685,-2.5018,137.2587,37.2587
JPTOPIX,2025-10-31,5.6260,5.7927,145.2097,45.2097
JPTOPIX,2025-11-30,6.2519,6.4186,154.5300,54.5300
JPTOPIX,2025-12-31,5.0930,5.2597,162.6578,62.6578
KOR200,2020-12-31,0.0000,0.0000,100.0000,0.0000
KOR200,2021-01-31,-8.2323,-8.0823,91.9177,-8.0823
KOR200,2021-02-28,-2.9854,-2.8354,89.3115,-10.6885
KOR200,2021-03-31,1.5482,1.6982,90.8282,-9.1718
KOR200,2021-04-30,-4.7864,-4.6364,86.6170,-13.3830
KOR200,2021-05-31,-1.3247,-1.1747,85.5995,-14.4005
KOR200,2021-06-30,-3.0180,-2.8680,83.1445,-16.8555
KOR200,2021-07-31,0.0689,0.2189,83.3266,-16.6734
KOR200,2021-08-31,-1.9005,-1.7505,81.8679,-18.1321
KOR200,2021-09-30,-1.7831,-1.6331,80.5309,-19.4691
KOR200,2021-10-31,-7.6169,-7.4669,74.5178,-25.4822
KOR200,2021-11-30,-2.8359,-2.6859,72.5163,-27.4837
KOR200,2021-12-31,0.4952,0.6452,72.9842,-27.0158
KOR200,2022-01-31,-6.2226,-6.0726,68.5521,-31.4479
KOR200,2022-02-28,6.5354,6.6854,73.1351,-26.8649
KOR200,2022-03-31,-0.3431,-0.1931,72.9939,-27.0061
KOR200,2022-04-30,-2.5380,-2.3880,71.2508,-28.7492
KOR200,2022-05-31,1.5239,1.6739,72.4435,-27.5565
KOR200,2022-06-30,-6.3344,-6.1844,67.9632,-32.0368
KOR200,2022-07-31,3.0748,3.2248,70.1549,-29.8451
KOR200,2022-08-31,-7.2172,-7.0672,65.1969,-34.8031
KOR200,2022-09-30,-1.5242,-1.3742,64.3010,-35.6990
KOR200,2022-10-31,-4.0589,-3.9089,61.7875,-38.2125
KOR200,2022-11-30,4.7496,4.8996,64.8149,-35.1851
KOR200,2022-12-31,6.3970,6.5470,69.0583,-30.9417
KOR200,2023-01-31,7.4187,7.5687,74.2851,-25.7149
KOR200,2023-02-28,-5.6996,-5.5496,70.1626,-29.8374
KOR200,2023-03-31,4.3714,4.5214,73.3349,-26.6651
KOR200,2023-04-30,-6.3142,-6.1642,68.8145,-31.1855
KOR200,2023-05-31,1.9541,2.1041,70.2624,-29.7376
KOR200,2023-06-30,1.2974,1.4474,71.2794,-28.7206
KOR200,2023-07-31,6.8628,7.0128,76.2780,-23.7220
KOR200,2023-08-31,-4.4512,-4.3012,72.9971,-27.0029
KOR200,2023-09-30,3.1110,3.2610,75.3776,-24.6224
KOR200,2023-10-31,-8.8887,-8.7387,68.7906,-31.2094
KOR200,2023-11-30,10.1653,10.3153,75.8865,-24.1135
KOR200,2023-12-31,4.1084,4.2584,79.1181,-20.8819
KOR200,2024-01-31,-7.6807,-7.5307,73.1599,-26.8401
KOR200,2024-02-29,0.6088,0.7588,73.7150,-26.2850
KOR200,2024-03-31,-1.0561,-0.9061,73.0471,-26.9529
KOR200,2024-04-30,-6.7584,-6.6084,68.2199,-31.7801
KOR200,2024-05-31,5.4784,5.6284,72.0595,-27.9405
KOR200,2024-06-30,-0.8016,-0.6516,71.5900,-28.4100
KOR200,2024-07-31,-9.5066,-9.3566,64.8916,-35.1084
KOR200,2024-08-31,0.5789,0.7289,65.3646,-34.6354
KOR200,2024-09-30,0.5311,0.6811,65.8098,-34.1902
KOR200,2024-10-31,-3.4906,-3.3406,63.6113,-36.3887
KOR200,2024-11-30,-5.4987,-5.3487,60.2090,-39.7910
KOR200,2024-12-31,3.2399,3.3899,62.2500,-37.7500
KOR200,2025-01-31,-6.2358,-6.0858,58.4616,-41.5384
KOR200,2025-02-28,-12.0000,-11.8500,51.5339,-48.4661
KOR200,2025-03-31,4.0110,4.1610,53.6782,-46.3218
KOR200,2025-04-30,6.7538,6.9038,57.3841,-42.6159
KOR200,2025-05-31,3.9223,4.0723,59.7209,-40.2791
KOR200,2025-06-30,2.9127,3.0627,61.5500,-38.4500
KOR200,2025-07-31,-8.9140,-8.7640,56.1558,-43.8442
KOR200,2025-08-31,-2.1159,-1.9659,55.0518,-44.9482
KOR200,2025-09-30,-4.6887,-4.5387,52.5532,-47.4468
KOR200,2025-10-31,-8.6518,-8.5018,48.0852,-51.9148
KOR200,2025-11-30,2.8450,2.9950,49.5254,-50.4746
KOR200,2025-12-31,1.6021,1.7521,50.3931,-49.6069
EU600,2020-12-31,0.0000,0.0000,100.0000,0.0000
EU600,2021-01-31,10.2448,10.4781,110.4781,10.4781
EU600,2021-02-28,1.0824,1.3157,111.9317,11.9317
EU600,2021-03-31,-0.3314,-0.0980,111.8220,11.8220
EU600,2021-04-30,9.7834,10.0167,123.0228,23.0228
EU600,2021-05-31,-4.3381,-4.1048,117.9730,17.9730
EU600,2021-06-30,-4.6660,-4.4327,112.7436,12.7436
EU600,2021-07-31,-1.2422,-1.0088,111.6062,11.6062
EU600,2021-08-31,2.1134,2.3468,114.2253,14.2253
EU600,2021-09-30,-3.2472,-3.0138,110.7828,10.7828
EU600,2021-10-31,5.6767,5.9100,117.3301,17.3301
EU600,2021-11-30,5.7721,6.0054,124.3763,24.3763
EU600,2021-12-31,3.7050,3.9383,129.2746,29.2746
EU600,2022-01-31,5.7164,5.9498,136.9661,36.9661
EU600,2022-02-28,-5.3683,-5.1350,129.9329,29.9329
EU600,2022-03-31,4.8612,5.0945,136.5524,36.5524
EU600,2022-04-30,0.6822,0.9155,137.8025,37.8025
EU600,2022-05-31,-2.6915,-2.4581,134.4152,34.4152
EU600,2022-06-30,0.1487,0.3820,134.9287,34.9287
EU600,2022-07-31,-5.4000,-5.1667,127.9573,27.9573
EU600,2022-08-31,-1.6851,-1.4518,126.0997,26.0997
EU600,2022-09-30,9.2940,9.5274,138.1137,38.1137
EU600,2022-10-31,-2.1504,-1.9170,135.4660,35.4660
EU600,2022-11-30,-0.5893,-0.3559,134.9838,34.9838
EU600,2022-12-31,-0.6151,-0.3818,134.4685,34.4685
EU600,2023-01-31,-1.1329,-0.8996,133.2589,33.2589
EU600,2023-02-28,-0.5580,-0.3246,132.8263,32.8263
EU600,2023-03-31,-8.9051,-8.6718,121.3078,21.3078
EU600,2023-04-30,7.4174,7.6507,130.5888,30.5888
EU600,2023-05-31,0.7696,1.0029,131.8985,31.8985
EU600,2023-06-30,-1.8986,-1.6653,129.7020,29.7020
EU600,2023-07-31,-5.2506,-5.0172,123.1945,23.1945
EU600,2023-08-31,5.3931,5.6264,130.1260,30.1260
EU600,2023-09-30,-1.2144,-0.9811,128.8494,28.8494
EU600,2023-10-31,3.3777,3.6110,133.5021,33.5021
EU600,2023-11-30,0.4115,0.6449,134.3630,34.3630
EU600,2023-12-31,3.0334,3.2668,138.7523,38.7523
EU600,2024-01-31,1.9405,2.1739,141.7686,41.7686
EU600,2024-02-29,1.8586,2.0919,144.7343,44.7343
EU600,2024-03-31,-3.4702,-3.2369,140.0494,40.0494
EU600,2024-04-30,1.2402,1.4735,142.1131,42.1131
EU600,2024-05-31,-2.1071,-1.8738,139.4502,39.4502
EU600,2024-06-30,2.1629,2.3962,142.7917,42.7917
EU600,2024-07-31,-4.9250,-4.6917,136.0924,36.0924
EU600,2024-08-31,-2.7099,-2.4766,132.7220,32.7220
EU600,2024-09-30,2.1215,2.3548,135.8473,35.8473
EU600,2024-10-31,-0.0746,0.1587,136.0629,36.0629
EU600,2024-11-30,7.6614,7.8947,146.8047,46.8047
EU600,2024-12-31,1.3693,1.6026,149.1574,49.1574
EU600,2025-01-31,2.1521,2.3854,152.7154,52.7154
EU600,2025-02-28,2.8522,3.0855,157.4274,57.4274
EU600,2025-03-31,-5.5892,-5.3559,148.9958,48.9958
EU600,2025-04-30,0.3798,0.6131,149.9093,49.9093
EU600,2025-05-31,1.1901,1.4235,152.0432,52.0432
EU600,2025-06-30,2.4094,2.6427,156.0613,56.0613
EU600,2025-07-31,-1.7672,-1.5339,153.6676,53.6676
EU600,2025-08-31,1.8881,2.1215,156.9276,56.9276
EU600,2025-09-30,-4.0729,-3.8396,150.9022,50.9022
EU600,2025-10-31,0.4768,0.7102,151.9738,51.9738
EU600,2025-11-30,-12.0000,-11.7667,134.0916,34.0916
EU600,2025-12-31,-2.4612,-2.2278,131.1042,31.1042
GERDAX,2020-12-31,0.0000,0.0000,100.0000,0.0000
GERDAX,2021-01-31,1.8934,2.1018,102.1018,2.1018
GERDAX,2021-02-28,-6.2058,-5.9974,95.9783,-4.0217
GERDAX,2021-03-31,0.6504,0.8587,96.8025,-3.1975
GERDAX,2021-04-30,0.3087,0.5171,97.3030,-2.6970
GERDAX,2021-05-31,-0.1498,0.0586,97.3599,-2.6401
GERDAX,2021-06-30,-1.1795,-0.9711,96.4145,-3.5855
GERDAX,2021-07-31,-5.8714,-5.6630,90.9545,-9.0455
GERDAX,2021-08-31,-4.1054,-3.8971,87.4099,-12.5901
GERDAX,2021-09-30,7.8181,8.0264,94.4258,-5.5742
GERDAX,2021-10-31,-0.1411,0.0673,94.4893,-5.5107
GERDAX,2021-11-30,2.5915,2.7998,97.1348,-2.8652
GERDAX,2021-12-31,2.6694,2.8777,99.9301,-0.0699
GERDAX,2022-01-31,3.9187,4.1270,104.0542,4.0542
GERDAX,2022-02-28,7.6622,7.8706,112.2439,12.2439
GERDAX,2022-03-31,-6.1051,-5.8967,105.6252,5.6252
GERDAX,2022-04-30,-11.5720,-11.3637,93.6222,-6.3778
GERDAX,2022-05-31,3.7134,3.9217,97.2938,-2.7062
GERDAX,2022-06-30,-5.2271,-5.0188,92.4109,-7.5891
GERDAX,2022-07-31,6.7971,7.0055,98.8847,-1.1153
GERDAX,2022-08-31,-0.4453,-0.2370,98.6504,-1.3496
GERDAX,2022-09-30,-2.6183,-2.4100,96.2729,-3.7271
GERDAX,2022-10-31,-1.5253,-1.3170,95.0050,-4.9950
GERDAX,2022-11-30,6.4995,6.7078,101.3777,1.3777
GERDAX,2022-12-31,-4.9766,-4.7683,96.5437,-3.4563
GERDAX,2023-01-31,-7.4031,-7.1947,89.5977,-10.4023
GERDAX,2023-02-28,2.0840,2.2923,91.6515,-8.3485
GERDAX,2023-03-31,-1.1428,-0.9344,90.7951,-9.2049
GERDAX,2023-04-30,0.6818,0.8902,91.6033,-8.3967
GERDAX,2023-05-31,1.3226,1.5310,93.0058,-6.9942
GERDAX,2023-06-30,0.5039,0.7122,93.6682,-6.3318
GERDAX,2023-07-31,7.8609,8.0693,101.2265,1.2265
GERDAX,2023-08-31,-11.1080,-10.8997,90.1931,-9.8069
GERDAX,2023-09-30,-4.3360,-4.1277,86.4702,-13.5298
GERDAX,2023-10-31,6.3132,6.5215,92.1094,-7.8906
GERDAX,2023-11-30,8.8938,9.1021,100.4933,0.4933
GERDAX,2023-12-31,4.9300,5.1383,105.6570,5.6570
GERDAX,2024-01-31,11.1074,11.3157,117.6128,17.6128
GERDAX,2024-02-29,5.4473,5.6556,124.2645,24.2645
GERDAX,2024-03-31,1.0446,1.2529,125.8215,25.8215
GERDAX,2024-04-30,-6.7699,-6.5615,117.5657,17.5657
GERDAX,2024-05-31,-5.6782,-5.4699,111.1350,11.1350
GERDAX,2024-06-30,0.1873,0.3956,111.5746,11.5746
GERDAX,2024-07-31,-5.8693,-5.6610,105.2584,5.2584
GERDAX,2024-08-31,-0.4383,-0.2299,105.0164,5.0164
GERDAX,2024-09-30,3.7490,3.9573,109.1722,9.1722
GERDAX,2024-10-31,-4.6046,-4.3963,104.3727,4.3727
GERDAX,2024-11-30,0.9668,1.1751,105.5992,5.5992
GERDAX,2024-12-31,3.3101,3.5184,109.3147,9.3147
GERDAX,2025-01-31,-4.7625,-4.5542,104.3363,4.3363
GERDAX,2025-02-28,-3.4517,-3.2434,100.9523,0.9523
GERDAX,2025-03-31,4.6557,4.8640,105.8626,5.8626
GERDAX,2025-04-30,-0.3981,-0.1897,105.6618,5.6618
GERDAX,2025-05-31,-4.2288,-4.0205,101.4137,1.4137
GERDAX,2025-06-30,-0.3565,-0.1482,101.2634,1.2634
GERDAX,2025-07-31,4.3959,4.6042,105.9258,5.9258
GERDAX,2025-08-31,5.7136,5.9219,112.1987,12.1987
GERDAX,2025-09-30,6.2470,6.4553,119.4414,19.4414
GERDAX,2025-10-31,3.0191,3.2274,123.2963,23.2963
GERDAX,2025-11-30,-5.4397,-5.2314,116.8462,16.8462
GERDAX,2025-12-31,-0.8976,-0.6893,116.0407,16.0407
